offer_id,account_id,offer_sequence_number,ai_recommended_offer_percent,actual_agent_offer_percent,offer_type,offer_percent,installment_months,emi_percent_of_income,offer_channel,offer_timestamp,response_timestamp,days_between_offer_and_response,ai_confidence_score,human_override_flag,override_reason_code,customer_response,considered_offer_percents
O50001,A10001,1,65,65,Installment,65,3,8,Email,2026-01-22,2026-02-02,11,0.76,No,NONE,Accepted,"[70, 65, 60]"
O50002,A10002,1,35,35,Lump-Sum,35,0,21,Email,2026-03-03,2026-03-17,14,0.68,No,NONE,No Response,"[40, 35, 30]"
O50003,A10003,1,69,69,Installment,69,9,9,SMS,2026-01-21,2026-01-29,8,0.89,No,NONE,Rejected,"[74, 69, 64]"
O50004,A10004,1,66,66,Installment,66,3,15,Email,2026-03-01,2026-03-07,6,0.61,No,NONE,Accepted,"[71, 66, 61]"
O50005,A10005,1,68,68,Installment,68,6,20,Email,2026-01-06,2026-01-15,9,0.84,No,NONE,Accepted,"[73, 68, 63]"
O50006,A10006,1,68,68,Installment,68,6,14,SMS,2026-02-17,2026-03-03,14,0.89,No,NONE,Rejected,"[73, 68, 63]"
O50007,A10007,1,59,59,Installment,59,3,20,Email,2026-01-26,2026-02-07,12,0.61,No,NONE,Accepted,"[64, 59, 54]"
O50008,A10007,2,53,53,Installment,53,9,8,Email,2026-01-08,2026-01-18,10,0.83,No,NONE,Rejected,"[58, 53, 48]"
O50009,A10008,1,73,73,Installment,73,6,8,Email,2026-03-14,2026-03-21,7,0.66,No,NONE,Accepted,"[78, 73, 68]"
O50010,A10008,2,67,67,Installment,67,3,10,SMS,2026-03-27,2026-03-29,2,0.89,No,NONE,Rejected,"[72, 67, 62]"
O50011,A10009,1,58,58,Installment,58,9,17,Call,2026-01-09,2026-01-23,14,0.7,No,NONE,Accepted,"[63, 58, 53]"
O50012,A10009,2,51,51,Installment,51,9,14,SMS,2026-01-04,2026-01-08,4,0.74,No,NONE,Accepted,"[56, 51, 46]"
O50013,A10010,1,71,71,Installment,71,6,20,Call,2026-03-27,2026-03-28,1,0.77,No,NONE,No Response,"[76, 71, 66]"
O50014,A10010,2,76,76,Installment,76,6,14,SMS,2026-01-30,2026-02-09,10,0.66,No,NONE,Accepted,"[81, 76, 71]"
O50015,A10011,1,84,84,Installment,84,6,15,Email,2026-01-03,2026-01-09,6,0.7,No,NONE,Accepted,"[89, 84, 79]"
O50016,A10012,1,56,56,Installment,56,3,21,SMS,2026-02-28,2026-03-08,8,0.64,No,NONE,Accepted,"[61, 56, 51]"
O50017,A10013,1,67,67,Installment,67,9,8,Call,2026-02-25,2026-03-13,16,0.73,No,NONE,Accepted,"[72, 67, 62]"
O50018,A10013,2,69,69,Installment,69,6,9,SMS,2026-01-01,2026-01-19,18,0.72,No,NONE,No Response,"[74, 69, 64]"
O50019,A10014,1,68,73,Installment,73,9,13,SMS,2026-02-25,2026-03-13,16,0.77,Yes,Agent_Discretion,Rejected,"[73, 68, 63]"
O50020,A10015,1,35,35,Lump-Sum,35,0,20,Email,2026-03-14,2026-03-19,5,0.76,No,NONE,Rejected,"[40, 35, 30]"
O50021,A10016,1,47,47,Installment,47,3,8,Email,2026-01-20,2026-01-26,6,0.88,No,NONE,Accepted,"[52, 47, 42]"
O50022,A10017,1,82,82,Installment,82,9,19,Call,2026-02-11,2026-02-13,2,0.89,No,NONE,Accepted,"[87, 82, 77]"
O50023,A10018,1,20,25,Lump-Sum,25,0,12,Email,2026-01-12,2026-01-16,4,0.62,Yes,Agent_Discretion,Accepted,"[25, 20, 15]"
O50024,A10019,1,35,35,Lump-Sum,35,0,15,Email,2026-01-24,2026-01-24,0,0.88,No,NONE,Rejected,"[40, 35, 30]"
O50025,A10019,2,27,27,Lump-Sum,27,0,16,SMS,2026-03-30,2026-04-01,2,0.65,No,NONE,Accepted,"[32, 27, 22]"
O50026,A10020,1,22,22,Lump-Sum,22,0,8,SMS,2026-02-10,2026-02-13,3,0.72,No,NONE,Accepted,"[27, 22, 17]"
O50027,A10021,1,52,52,Installment,52,9,10,Call,2026-01-17,2026-01-17,0,0.64,No,NONE,Accepted,"[57, 52, 47]"
O50028,A10022,1,57,57,Installment,57,3,21,SMS,2026-01-08,2026-01-09,1,0.75,No,NONE,Accepted,"[62, 57, 52]"
O50029,A10022,2,49,49,Installment,49,9,8,SMS,2026-02-17,2026-03-07,18,0.9,No,NONE,Accepted,"[54, 49, 44]"
O50030,A10023,1,25,25,Lump-Sum,25,0,21,SMS,2026-02-06,2026-02-22,16,0.75,No,NONE,No Response,"[30, 25, 20]"
O50031,A10024,1,40,40,Lump-Sum,40,0,9,SMS,2026-02-02,2026-02-04,2,0.69,No,NONE,Rejected,"[45, 40, 35]"
O50032,A10025,1,78,83,Installment,83,6,14,Call,2026-02-01,2026-02-15,14,0.64,Yes,Agent_Discretion,Accepted,"[83, 78, 73]"
O50033,A10025,2,81,81,Installment,81,6,14,SMS,2026-01-09,2026-01-19,10,0.65,No,NONE,Accepted,"[86, 81, 76]"
O50034,A10026,1,77,82,Installment,82,3,11,SMS,2026-01-07,2026-01-10,3,0.57,Yes,Agent_Discretion,Accepted,"[82, 77, 72]"
O50035,A10027,1,83,83,Installment,83,3,17,Email,2026-03-07,2026-03-25,18,0.89,No,NONE,Rejected,"[88, 83, 78]"
O50036,A10028,1,81,86,Installment,86,6,18,SMS,2026-03-11,2026-03-25,14,0.73,Yes,Agent_Discretion,Rejected,"[86, 81, 76]"
O50037,A10028,2,76,76,Installment,76,3,11,Call,2026-03-09,2026-03-14,5,0.74,No,NONE,Rejected,"[81, 76, 71]"
O50038,A10029,1,77,77,Installment,77,3,15,Email,2026-01-30,2026-02-17,18,0.7,No,NONE,Rejected,"[82, 77, 72]"
O50039,A10029,2,69,69,Installment,69,3,8,Call,2026-03-03,2026-03-11,8,0.87,No,NONE,Accepted,"[74, 69, 64]"
O50040,A10030,1,80,80,Installment,80,3,14,Email,2026-01-01,2026-01-16,15,0.7,No,NONE,Rejected,"[85, 80, 75]"
O50041,A10031,1,60,60,Installment,60,3,8,Call,2026-03-27,2026-04-09,13,0.85,No,NONE,Rejected,"[65, 60, 55]"
O50042,A10032,1,80,80,Installment,80,9,17,Call,2026-02-02,2026-02-06,4,0.88,No,NONE,No Response,"[85, 80, 75]"
O50043,A10033,1,29,29,Lump-Sum,29,0,15,SMS,2026-02-27,2026-02-27,0,0.79,No,NONE,Rejected,"[34, 29, 24]"
O50044,A10034,1,66,71,Installment,71,6,10,SMS,2026-02-01,2026-02-20,19,0.71,Yes,Agent_Discretion,Accepted,"[71, 66, 61]"
O50045,A10034,2,69,69,Installment,69,6,18,SMS,2026-03-06,2026-03-06,0,0.57,No,NONE,Accepted,"[74, 69, 64]"
O50046,A10035,1,63,63,Installment,63,6,15,SMS,2026-03-28,2026-04-13,16,0.85,No,NONE,Accepted,"[68, 63, 58]"
O50047,A10036,1,73,73,Installment,73,6,20,Email,2026-02-27,2026-03-19,20,0.86,No,NONE,Rejected,"[78, 73, 68]"
O50048,A10036,2,68,68,Installment,68,3,10,Call,2026-03-14,2026-03-16,2,0.64,No,NONE,Rejected,"[73, 68, 63]"
O50049,A10037,1,69,69,Installment,69,9,16,Email,2026-02-24,2026-03-08,12,0.59,No,NONE,No Response,"[74, 69, 64]"
O50050,A10037,2,84,84,Installment,84,9,10,SMS,2026-03-27,2026-04-08,12,0.57,No,NONE,No Response,"[89, 84, 79]"
O50051,A10038,1,53,53,Installment,53,9,17,Email,2026-03-19,2026-04-07,19,0.58,No,NONE,Accepted,"[58, 53, 48]"
O50052,A10038,2,56,56,Installment,56,3,14,SMS,2026-03-26,2026-03-29,3,0.59,No,NONE,No Response,"[61, 56, 51]"
O50053,A10039,1,58,58,Installment,58,9,20,Email,2026-01-05,2026-01-07,2,0.8,No,NONE,No Response,"[63, 58, 53]"
O50054,A10039,2,53,53,Installment,53,9,21,SMS,2026-01-17,2026-01-22,5,0.63,No,NONE,Accepted,"[58, 53, 48]"
O50055,A10040,1,46,51,Installment,51,9,15,SMS,2026-02-06,2026-02-11,5,0.68,Yes,Agent_Discretion,Rejected,"[51, 46, 41]"
O50056,A10040,2,51,51,Installment,51,6,19,Email,2026-01-04,2026-01-07,3,0.72,No,NONE,Accepted,"[56, 51, 46]"
O50057,A10041,1,74,74,Installment,74,3,20,Call,2026-02-08,2026-02-10,2,0.71,No,NONE,Accepted,"[79, 74, 69]"
O50058,A10041,2,72,77,Installment,77,9,20,Call,2026-02-08,2026-02-08,0,0.69,Yes,Agent_Discretion,Accepted,"[77, 72, 67]"
O50059,A10042,1,65,65,Installment,65,3,20,SMS,2026-01-06,2026-01-17,11,0.66,No,NONE,Accepted,"[70, 65, 60]"
O50060,A10043,1,69,69,Installment,69,3,9,Email,2026-01-19,2026-02-07,19,0.77,No,NONE,Rejected,"[74, 69, 64]"
O50061,A10043,2,65,65,Installment,65,9,16,Email,2026-01-03,2026-01-18,15,0.65,No,NONE,No Response,"[70, 65, 60]"
O50062,A10044,1,56,61,Installment,61,6,15,Call,2026-01-08,2026-01-11,3,0.63,Yes,Agent_Discretion,Accepted,"[61, 56, 51]"
O50063,A10044,2,49,49,Installment,49,3,8,SMS,2026-03-05,2026-03-21,16,0.83,No,NONE,Rejected,"[54, 49, 44]"
O50064,A10045,1,33,38,Lump-Sum,38,0,10,SMS,2026-01-06,2026-01-23,17,0.76,Yes,Agent_Discretion,Accepted,"[38, 33, 28]"
O50065,A10046,1,82,82,Installment,82,6,8,Call,2026-01-05,2026-01-05,0,0.9,No,NONE,Accepted,"[87, 82, 77]"
O50066,A10046,2,81,81,Installment,81,9,13,SMS,2026-01-01,2026-01-21,20,0.74,No,NONE,Rejected,"[86, 81, 76]"
O50067,A10047,1,69,69,Installment,69,9,8,SMS,2026-03-15,2026-03-24,9,0.71,No,NONE,Accepted,"[74, 69, 64]"
O50068,A10047,2,83,83,Installment,83,3,15,Call,2026-01-04,2026-01-04,0,0.68,No,NONE,Accepted,"[88, 83, 78]"
O50069,A10048,1,46,46,Installment,46,3,13,SMS,2026-01-03,2026-01-20,17,0.58,No,NONE,Rejected,"[51, 46, 41]"
O50070,A10048,2,61,61,Installment,61,3,12,Call,2026-02-16,2026-03-02,14,0.8,No,NONE,Accepted,"[66, 61, 56]"
O50071,A10049,1,46,46,Installment,46,9,10,Email,2026-03-23,2026-04-06,14,0.8,No,NONE,Accepted,"[51, 46, 41]"
O50072,A10050,1,59,59,Installment,59,3,20,Call,2026-02-20,2026-03-08,16,0.87,No,NONE,Accepted,"[64, 59, 54]"
O50073,A10051,1,49,49,Installment,49,3,21,Email,2026-02-22,2026-02-23,1,0.75,No,NONE,Accepted,"[54, 49, 44]"
O50074,A10052,1,42,42,Lump-Sum,42,0,15,SMS,2026-03-16,2026-03-31,15,0.86,No,NONE,Accepted,"[47, 42, 37]"
O50075,A10053,1,62,62,Installment,62,3,12,Call,2026-02-20,2026-03-10,18,0.65,No,NONE,Accepted,"[67, 62, 57]"
O50076,A10053,2,50,50,Installment,50,6,8,Call,2026-01-12,2026-01-25,13,0.67,No,NONE,Accepted,"[55, 50, 45]"
O50077,A10054,1,59,59,Installment,59,9,20,SMS,2026-02-25,2026-03-07,10,0.65,No,NONE,Rejected,"[64, 59, 54]"
O50078,A10055,1,64,64,Installment,64,6,19,Email,2026-02-25,2026-03-10,13,0.74,No,NONE,Rejected,"[69, 64, 59]"
O50079,A10055,2,58,58,Installment,58,9,14,Call,2026-01-07,2026-01-09,2,0.81,No,NONE,Accepted,"[63, 58, 53]"
O50080,A10056,1,70,70,Installment,70,6,14,SMS,2026-01-15,2026-01-19,4,0.84,No,NONE,Accepted,"[75, 70, 65]"
O50081,A10056,2,76,76,Installment,76,3,11,Call,2026-01-13,2026-02-01,19,0.83,No,NONE,Accepted,"[81, 76, 71]"
O50082,A10057,1,34,34,Lump-Sum,34,0,8,Email,2026-01-08,2026-01-15,7,0.68,No,NONE,Accepted,"[39, 34, 29]"
O50083,A10058,1,46,46,Installment,46,6,12,SMS,2026-02-28,2026-03-12,12,0.63,No,NONE,Accepted,"[51, 46, 41]"
O50084,A10058,2,50,50,Installment,50,6,21,Call,2026-01-04,2026-01-14,10,0.61,No,NONE,No Response,"[55, 50, 45]"
O50085,A10059,1,63,68,Installment,68,6,11,Email,2026-02-05,2026-02-10,5,0.85,Yes,Agent_Discretion,Rejected,"[68, 63, 58]"
O50086,A10060,1,43,43,Lump-Sum,43,0,18,Call,2026-03-03,2026-03-04,1,0.65,No,NONE,Rejected,"[48, 43, 38]"
O50087,A10061,1,48,48,Installment,48,9,8,Call,2026-01-20,2026-02-05,16,0.82,No,NONE,Accepted,"[53, 48, 43]"
O50088,A10062,1,68,68,Installment,68,6,9,Call,2026-01-03,2026-01-03,0,0.74,No,NONE,Accepted,"[73, 68, 63]"
O50089,A10063,1,52,52,Installment,52,3,8,SMS,2026-03-06,2026-03-10,4,0.76,No,NONE,Accepted,"[57, 52, 47]"
O50090,A10064,1,81,81,Installment,81,6,21,SMS,2026-03-01,2026-03-12,11,0.81,No,NONE,No Response,"[86, 81, 76]"
O50091,A10065,1,47,47,Installment,47,9,16,SMS,2026-03-05,2026-03-12,7,0.62,No,NONE,Accepted,"[52, 47, 42]"
O50092,A10066,1,49,49,Installment,49,3,20,Call,2026-03-19,2026-03-22,3,0.69,No,NONE,Rejected,"[54, 49, 44]"
O50093,A10067,1,78,78,Installment,78,9,8,SMS,2026-02-07,2026-02-07,0,0.67,No,NONE,Accepted,"[83, 78, 73]"
O50094,A10068,1,52,52,Installment,52,6,13,Email,2026-02-08,2026-02-26,18,0.77,No,NONE,Accepted,"[57, 52, 47]"
O50095,A10069,1,79,79,Installment,79,6,14,Email,2026-02-02,2026-02-21,19,0.83,No,NONE,Accepted,"[84, 79, 74]"
O50096,A10070,1,49,49,Installment,49,6,9,Call,2026-02-02,2026-02-05,3,0.72,No,NONE,Rejected,"[54, 49, 44]"
O50097,A10071,1,77,82,Installment,82,9,20,SMS,2026-03-29,2026-04-17,19,0.72,Yes,Agent_Discretion,Accepted,"[82, 77, 72]"
O50098,A10072,1,63,63,Installment,63,9,12,Email,2026-02-05,2026-02-15,10,0.89,No,NONE,Accepted,"[68, 63, 58]"
O50099,A10072,2,50,50,Installment,50,9,19,Call,2026-02-16,2026-03-01,13,0.76,No,NONE,Accepted,"[55, 50, 45]"
O50100,A10073,1,59,59,Installment,59,3,15,SMS,2026-02-12,2026-02-23,11,0.8,No,NONE,Accepted,"[64, 59, 54]"
O50101,A10073,2,53,53,Installment,53,3,13,Email,2026-01-29,2026-02-11,13,0.71,No,NONE,Accepted,"[58, 53, 48]"
O50102,A10074,1,58,58,Installment,58,9,13,Email,2026-03-28,2026-03-28,0,0.63,No,NONE,Rejected,"[63, 58, 53]"
O50103,A10074,2,59,64,Installment,64,3,12,Call,2026-01-09,2026-01-18,9,0.67,Yes,Agent_Discretion,Accepted,"[64, 59, 54]"
O50104,A10075,1,55,55,Installment,55,9,9,Email,2026-01-07,2026-01-24,17,0.71,No,NONE,Accepted,"[60, 55, 50]"
O50105,A10076,1,38,38,Lump-Sum,38,0,11,Call,2026-01-25,2026-01-31,6,0.56,No,NONE,Accepted,"[43, 38, 33]"
O50106,A10077,1,75,75,Installment,75,3,8,Email,2026-01-28,2026-02-14,17,0.89,No,NONE,Accepted,"[80, 75, 70]"
O50107,A10077,2,84,84,Installment,84,3,14,SMS,2026-03-04,2026-03-11,7,0.66,No,NONE,Accepted,"[89, 84, 79]"
O50108,A10078,1,83,83,Installment,83,3,20,Call,2026-01-30,2026-02-15,16,0.84,No,NONE,Rejected,"[88, 83, 78]"
O50109,A10079,1,63,63,Installment,63,6,21,Call,2026-03-07,2026-03-23,16,0.82,No,NONE,Accepted,"[68, 63, 58]"
O50110,A10080,1,71,71,Installment,71,9,21,Call,2026-01-10,2026-01-19,9,0.69,No,NONE,Accepted,"[76, 71, 66]"
O50111,A10081,1,62,62,Installment,62,3,14,Email,2026-01-08,2026-01-08,0,0.63,No,NONE,Rejected,"[67, 62, 57]"
O50112,A10082,1,79,79,Installment,79,9,15,Call,2026-02-20,2026-02-20,0,0.83,No,NONE,No Response,"[84, 79, 74]"
O50113,A10083,1,78,78,Installment,78,3,13,SMS,2026-03-09,2026-03-28,19,0.69,No,NONE,Accepted,"[83, 78, 73]"
O50114,A10083,2,82,87,Installment,87,9,12,Email,2026-01-07,2026-01-07,0,0.59,Yes,Agent_Discretion,No Response,"[87, 82, 77]"
O50115,A10084,1,62,62,Installment,62,9,17,Email,2026-02-16,2026-02-20,4,0.68,No,NONE,Rejected,"[67, 62, 57]"
O50116,A10084,2,56,56,Installment,56,6,16,Call,2026-02-06,2026-02-11,5,0.85,No,NONE,Accepted,"[61, 56, 51]"
O50117,A10085,1,76,76,Installment,76,9,8,Call,2026-03-15,2026-03-28,13,0.56,No,NONE,Accepted,"[81, 76, 71]"
O50118,A10085,2,72,72,Installment,72,3,13,Call,2026-01-25,2026-01-31,6,0.84,No,NONE,No Response,"[77, 72, 67]"
O50119,A10086,1,57,57,Installment,57,6,9,SMS,2026-02-06,2026-02-16,10,0.84,No,NONE,Accepted,"[62, 57, 52]"
O50120,A10087,1,49,49,Installment,49,6,13,SMS,2026-03-17,2026-04-06,20,0.64,No,NONE,Accepted,"[54, 49, 44]"
O50121,A10088,1,66,66,Installment,66,6,20,SMS,2026-02-22,2026-02-28,6,0.7,No,NONE,Accepted,"[71, 66, 61]"
O50122,A10088,2,78,83,Installment,83,3,10,SMS,2026-02-23,2026-03-05,10,0.76,Yes,Agent_Discretion,Accepted,"[83, 78, 73]"
O50123,A10089,1,72,72,Installment,72,9,14,Email,2026-02-05,2026-02-21,16,0.88,No,NONE,Accepted,"[77, 72, 67]"
O50124,A10090,1,41,41,Lump-Sum,41,0,11,Email,2026-02-02,2026-02-05,3,0.76,No,NONE,Accepted,"[46, 41, 36]"
O50125,A10090,2,32,32,Lump-Sum,32,0,12,SMS,2026-03-14,2026-03-15,1,0.58,No,NONE,Rejected,"[37, 32, 27]"
O50126,A10091,1,75,75,Installment,75,9,10,Call,2026-01-25,2026-01-31,6,0.83,No,NONE,Rejected,"[80, 75, 70]"
O50127,A10092,1,66,71,Installment,71,3,8,Call,2026-02-13,2026-03-01,16,0.79,Yes,Agent_Discretion,Accepted,"[71, 66, 61]"
O50128,A10093,1,80,80,Installment,80,3,14,SMS,2026-01-08,2026-01-28,20,0.79,No,NONE,Rejected,"[85, 80, 75]"
O50129,A10094,1,56,56,Installment,56,3,17,Email,2026-01-26,2026-02-03,8,0.57,No,NONE,Rejected,"[61, 56, 51]"
O50130,A10095,1,40,40,Lump-Sum,40,0,12,Email,2026-01-07,2026-01-20,13,0.65,No,NONE,No Response,"[45, 40, 35]"
O50131,A10095,2,37,37,Lump-Sum,37,0,14,Email,2026-03-23,2026-04-11,19,0.66,No,NONE,Rejected,"[42, 37, 32]"
O50132,A10096,1,43,43,Lump-Sum,43,0,9,Email,2026-03-01,2026-03-13,12,0.79,No,NONE,Accepted,"[48, 43, 38]"
O50133,A10097,1,76,76,Installment,76,6,8,SMS,2026-01-04,2026-01-16,12,0.77,No,NONE,Accepted,"[81, 76, 71]"
O50134,A10097,2,67,67,Installment,67,3,9,Email,2026-01-30,2026-02-11,12,0.57,No,NONE,Accepted,"[72, 67, 62]"
O50135,A10098,1,81,81,Installment,81,9,16,Call,2026-02-26,2026-03-13,15,0.58,No,NONE,Accepted,"[86, 81, 76]"
O50136,A10099,1,45,45,Installment,45,6,15,Call,2026-01-03,2026-01-15,12,0.85,No,NONE,Rejected,"[50, 45, 40]"
O50137,A10100,1,60,65,Installment,65,9,8,SMS,2026-03-20,2026-03-28,8,0.79,Yes,Agent_Discretion,Accepted,"[65, 60, 55]"
O50138,A10101,1,69,74,Installment,74,9,21,Email,2026-03-11,2026-03-17,6,0.87,Yes,Agent_Discretion,No Response,"[74, 69, 64]"
O50139,A10101,2,71,71,Installment,71,3,13,SMS,2026-02-28,2026-03-07,7,0.84,No,NONE,Accepted,"[76, 71, 66]"
O50140,A10102,1,53,53,Installment,53,3,12,Call,2026-01-03,2026-01-08,5,0.89,No,NONE,No Response,"[58, 53, 48]"
O50141,A10103,1,81,81,Installment,81,6,21,SMS,2026-02-04,2026-02-21,17,0.6,No,NONE,Rejected,"[86, 81, 76]"
O50142,A10103,2,70,70,Installment,70,6,12,Call,2026-03-30,2026-04-07,8,0.71,No,NONE,Accepted,"[75, 70, 65]"
O50143,A10104,1,53,58,Installment,58,3,15,SMS,2026-03-17,2026-03-26,9,0.74,Yes,Agent_Discretion,Accepted,"[58, 53, 48]"
O50144,A10105,1,59,64,Installment,64,6,9,Call,2026-01-05,2026-01-20,15,0.89,Yes,Agent_Discretion,Accepted,"[64, 59, 54]"
O50145,A10106,1,77,77,Installment,77,6,20,Email,2026-02-09,2026-02-21,12,0.84,No,NONE,Accepted,"[82, 77, 72]"
O50146,A10106,2,66,66,Installment,66,3,13,Email,2026-03-18,2026-03-30,12,0.85,No,NONE,Accepted,"[71, 66, 61]"
O50147,A10107,1,60,60,Installment,60,6,11,Email,2026-02-14,2026-03-06,20,0.79,No,NONE,Accepted,"[65, 60, 55]"
O50148,A10108,1,57,57,Installment,57,6,18,SMS,2026-01-31,2026-02-09,9,0.81,No,NONE,Accepted,"[62, 57, 52]"
O50149,A10108,2,48,48,Installment,48,9,9,SMS,2026-03-18,2026-03-29,11,0.77,No,NONE,No Response,"[53, 48, 43]"
O50150,A10109,1,66,66,Installment,66,9,13,Email,2026-03-29,2026-04-10,12,0.82,No,NONE,Accepted,"[71, 66, 61]"
O50151,A10109,2,66,66,Installment,66,6,12,SMS,2026-03-01,2026-03-15,14,0.83,No,NONE,Accepted,"[71, 66, 61]"
O50152,A10110,1,23,23,Lump-Sum,23,0,13,SMS,2026-01-17,2026-01-28,11,0.75,No,NONE,Accepted,"[28, 23, 18]"
O50153,A10110,2,43,48,Lump-Sum,48,0,20,Email,2026-02-19,2026-03-04,13,0.6,Yes,Agent_Discretion,Rejected,"[48, 43, 38]"
O50154,A10111,1,75,75,Installment,75,9,17,Email,2026-03-20,2026-04-07,18,0.71,No,NONE,Accepted,"[80, 75, 70]"
O50155,A10112,1,81,86,Installment,86,9,20,SMS,2026-02-08,2026-02-22,14,0.65,Yes,Agent_Discretion,Rejected,"[86, 81, 76]"
O50156,A10112,2,79,79,Installment,79,9,10,SMS,2026-01-22,2026-02-01,10,0.89,No,NONE,Accepted,"[84, 79, 74]"
O50157,A10113,1,34,34,Lump-Sum,34,0,13,Email,2026-02-28,2026-03-19,19,0.65,No,NONE,No Response,"[39, 34, 29]"
O50158,A10113,2,20,20,Lump-Sum,20,0,9,SMS,2026-02-07,2026-02-21,14,0.62,No,NONE,No Response,"[25, 20, 15]"
O50159,A10114,1,62,62,Installment,62,6,16,SMS,2026-03-21,2026-03-28,7,0.58,No,NONE,Accepted,"[67, 62, 57]"
O50160,A10114,2,58,58,Installment,58,3,19,SMS,2026-03-12,2026-03-14,2,0.87,No,NONE,No Response,"[63, 58, 53]"
O50161,A10115,1,59,59,Installment,59,3,21,SMS,2026-03-19,2026-03-25,6,0.62,No,NONE,Accepted,"[64, 59, 54]"
O50162,A10116,1,66,66,Installment,66,3,15,SMS,2026-01-11,2026-01-23,12,0.58,No,NONE,Accepted,"[71, 66, 61]"
O50163,A10117,1,50,50,Installment,50,6,16,Email,2026-02-14,2026-02-14,0,0.72,No,NONE,Accepted,"[55, 50, 45]"
O50164,A10118,1,58,58,Installment,58,3,17,Call,2026-03-21,2026-04-09,19,0.66,No,NONE,Accepted,"[63, 58, 53]"
O50165,A10119,1,57,62,Installment,62,6,13,Email,2026-03-18,2026-04-06,19,0.6,Yes,Agent_Discretion,Rejected,"[62, 57, 52]"
O50166,A10120,1,82,82,Installment,82,9,20,Email,2026-02-13,2026-03-01,16,0.86,No,NONE,Rejected,"[87, 82, 77]"
O50167,A10120,2,73,78,Installment,78,6,19,Call,2026-02-01,2026-02-09,8,0.77,Yes,Agent_Discretion,Rejected,"[78, 73, 68]"
O50168,A10121,1,51,51,Installment,51,6,17,Call,2026-03-21,2026-03-24,3,0.71,No,NONE,Rejected,"[56, 51, 46]"
O50169,A10121,2,53,53,Installment,53,6,13,Email,2026-01-14,2026-01-24,10,0.78,No,NONE,Accepted,"[58, 53, 48]"
O50170,A10122,1,83,83,Installment,83,3,14,SMS,2026-02-14,2026-02-21,7,0.78,No,NONE,Accepted,"[88, 83, 78]"
O50171,A10122,2,82,87,Installment,87,3,18,Email,2026-03-24,2026-03-28,4,0.58,Yes,Agent_Discretion,Accepted,"[87, 82, 77]"
O50172,A10123,1,79,79,Installment,79,6,12,Email,2026-03-17,2026-04-02,16,0.7,No,NONE,Rejected,"[84, 79, 74]"
O50173,A10124,1,76,76,Installment,76,3,10,SMS,2026-03-01,2026-03-18,17,0.7,No,NONE,Rejected,"[81, 76, 71]"
O50174,A10124,2,68,68,Installment,68,6,14,Call,2026-02-03,2026-02-06,3,0.9,No,NONE,Accepted,"[73, 68, 63]"
O50175,A10125,1,47,47,Installment,47,9,8,Email,2026-02-09,2026-03-01,20,0.82,No,NONE,Accepted,"[52, 47, 42]"
O50176,A10126,1,54,54,Installment,54,9,12,SMS,2026-03-19,2026-03-20,1,0.57,No,NONE,Accepted,"[59, 54, 49]"
O50177,A10126,2,59,59,Installment,59,6,14,Call,2026-03-30,2026-04-18,19,0.78,No,NONE,Accepted,"[64, 59, 54]"
O50178,A10127,1,67,67,Installment,67,3,14,Email,2026-03-06,2026-03-13,7,0.63,No,NONE,No Response,"[72, 67, 62]"
O50179,A10128,1,80,80,Installment,80,6,16,SMS,2026-01-10,2026-01-21,11,0.71,No,NONE,Rejected,"[85, 80, 75]"
O50180,A10129,1,84,84,Installment,84,3,19,SMS,2026-02-06,2026-02-20,14,0.82,No,NONE,Rejected,"[89, 84, 79]"
O50181,A10129,2,79,79,Installment,79,6,21,Call,2026-03-02,2026-03-21,19,0.59,No,NONE,Accepted,"[84, 79, 74]"
O50182,A10130,1,65,65,Installment,65,3,18,SMS,2026-03-11,2026-03-15,4,0.59,No,NONE,Rejected,"[70, 65, 60]"
O50183,A10131,1,64,64,Installment,64,6,9,SMS,2026-03-29,2026-04-08,10,0.77,No,NONE,No Response,"[69, 64, 59]"
O50184,A10131,2,59,59,Installment,59,6,11,Email,2026-01-23,2026-02-03,11,0.56,No,NONE,Accepted,"[64, 59, 54]"
O50185,A10132,1,29,29,Lump-Sum,29,0,12,SMS,2026-01-08,2026-01-25,17,0.81,No,NONE,Accepted,"[34, 29, 24]"
O50186,A10132,2,25,25,Lump-Sum,25,0,9,SMS,2026-03-27,2026-04-10,14,0.84,No,NONE,No Response,"[30, 25, 20]"
O50187,A10133,1,82,82,Installment,82,9,15,SMS,2026-01-26,2026-02-02,7,0.56,No,NONE,No Response,"[87, 82, 77]"
O50188,A10133,2,78,78,Installment,78,9,21,SMS,2026-01-01,2026-01-19,18,0.78,No,NONE,Rejected,"[83, 78, 73]"
O50189,A10134,1,46,46,Installment,46,3,16,SMS,2026-03-11,2026-03-19,8,0.85,No,NONE,Rejected,"[51, 46, 41]"
O50190,A10135,1,28,33,Lump-Sum,33,0,10,Call,2026-01-04,2026-01-09,5,0.87,Yes,Agent_Discretion,No Response,"[33, 28, 23]"
O50191,A10136,1,32,32,Lump-Sum,32,0,16,SMS,2026-03-29,2026-04-04,6,0.66,No,NONE,Accepted,"[37, 32, 27]"
O50192,A10137,1,63,63,Installment,63,3,8,Email,2026-03-30,2026-03-30,0,0.63,No,NONE,Accepted,"[68, 63, 58]"
O50193,A10138,1,58,58,Installment,58,3,10,SMS,2026-03-07,2026-03-20,13,0.85,No,NONE,Accepted,"[63, 58, 53]"
O50194,A10138,2,50,50,Installment,50,3,9,SMS,2026-01-26,2026-02-06,11,0.64,No,NONE,Accepted,"[55, 50, 45]"
O50195,A10139,1,70,70,Installment,70,3,14,Email,2026-02-12,2026-02-24,12,0.55,No,NONE,Rejected,"[75, 70, 65]"
O50196,A10140,1,48,48,Installment,48,3,20,Call,2026-01-15,2026-01-18,3,0.62,No,NONE,Accepted,"[53, 48, 43]"
O50197,A10140,2,48,48,Installment,48,9,20,Email,2026-02-21,2026-03-06,13,0.74,No,NONE,Rejected,"[53, 48, 43]"
O50198,A10141,1,82,82,Installment,82,6,16,Call,2026-03-18,2026-03-21,3,0.61,No,NONE,Rejected,"[87, 82, 77]"
O50199,A10142,1,77,77,Installment,77,6,20,Call,2026-03-04,2026-03-20,16,0.87,No,NONE,Accepted,"[82, 77, 72]"
O50200,A10143,1,45,45,Installment,45,9,18,SMS,2026-02-14,2026-02-23,9,0.76,No,NONE,Rejected,"[50, 45, 40]"
O50201,A10144,1,73,73,Installment,73,6,16,SMS,2026-01-15,2026-01-24,9,0.87,No,NONE,Rejected,"[78, 73, 68]"
O50202,A10144,2,81,81,Installment,81,6,15,Email,2026-02-06,2026-02-09,3,0.85,No,NONE,Rejected,"[86, 81, 76]"
O50203,A10145,1,38,38,Lump-Sum,38,0,12,Email,2026-02-24,2026-03-13,17,0.63,No,NONE,No Response,"[43, 38, 33]"
O50204,A10145,2,20,20,Lump-Sum,20,0,12,Email,2026-03-22,2026-04-06,15,0.63,No,NONE,Accepted,"[25, 20, 15]"
O50205,A10146,1,53,53,Installment,53,9,14,SMS,2026-02-26,2026-02-27,1,0.79,No,NONE,Accepted,"[58, 53, 48]"
O50206,A10146,2,51,51,Installment,51,6,10,Call,2026-03-16,2026-03-22,6,0.67,No,NONE,No Response,"[56, 51, 46]"
O50207,A10147,1,48,53,Installment,53,3,15,SMS,2026-02-05,2026-02-07,2,0.63,Yes,Agent_Discretion,Accepted,"[53, 48, 43]"
O50208,A10147,2,48,48,Installment,48,3,19,Email,2026-03-01,2026-03-02,1,0.77,No,NONE,Accepted,"[53, 48, 43]"
O50209,A10148,1,47,47,Installment,47,6,13,Call,2026-02-27,2026-03-01,2,0.9,No,NONE,Rejected,"[52, 47, 42]"
O50210,A10149,1,46,46,Installment,46,6,11,SMS,2026-01-08,2026-01-19,11,0.61,No,NONE,Rejected,"[51, 46, 41]"
O50211,A10150,1,60,60,Installment,60,3,19,Email,2026-01-30,2026-02-14,15,0.87,No,NONE,Accepted,"[65, 60, 55]"
O50212,A10151,1,72,77,Installment,77,3,16,Call,2026-03-25,2026-04-01,7,0.73,Yes,Agent_Discretion,Rejected,"[77, 72, 67]"
O50213,A10152,1,71,71,Installment,71,6,11,Call,2026-01-16,2026-01-27,11,0.57,No,NONE,Accepted,"[76, 71, 66]"
O50214,A10153,1,57,57,Installment,57,9,16,SMS,2026-03-26,2026-03-27,1,0.73,No,NONE,Rejected,"[62, 57, 52]"
O50215,A10154,1,68,68,Installment,68,6,18,Email,2026-01-06,2026-01-08,2,0.9,No,NONE,No Response,"[73, 68, 63]"
O50216,A10155,1,79,79,Installment,79,3,10,Call,2026-02-07,2026-02-24,17,0.86,No,NONE,No Response,"[84, 79, 74]"
O50217,A10156,1,80,80,Installment,80,9,12,Email,2026-01-14,2026-01-22,8,0.61,No,NONE,Rejected,"[85, 80, 75]"
O50218,A10156,2,82,82,Installment,82,3,9,SMS,2026-03-23,2026-04-01,9,0.72,No,NONE,Accepted,"[87, 82, 77]"
O50219,A10157,1,45,45,Installment,45,3,11,Email,2026-02-23,2026-03-08,13,0.88,No,NONE,Rejected,"[50, 45, 40]"
O50220,A10157,2,57,57,Installment,57,6,11,SMS,2026-01-08,2026-01-28,20,0.63,No,NONE,Accepted,"[62, 57, 52]"
O50221,A10158,1,57,57,Installment,57,3,19,Email,2026-01-20,2026-02-06,17,0.77,No,NONE,Accepted,"[62, 57, 52]"
O50222,A10158,2,46,46,Installment,46,3,10,Call,2026-03-24,2026-04-11,18,0.71,No,NONE,Accepted,"[51, 46, 41]"
O50223,A10159,1,79,79,Installment,79,9,12,SMS,2026-03-24,2026-04-01,8,0.82,No,NONE,Accepted,"[84, 79, 74]"
O50224,A10159,2,71,71,Installment,71,9,15,SMS,2026-01-04,2026-01-07,3,0.63,No,NONE,Accepted,"[76, 71, 66]"
O50225,A10160,1,48,48,Installment,48,9,21,SMS,2026-02-19,2026-02-23,4,0.67,No,NONE,Accepted,"[53, 48, 43]"
O50226,A10161,1,71,71,Installment,71,6,14,Call,2026-03-27,2026-03-31,4,0.6,No,NONE,Accepted,"[76, 71, 66]"
O50227,A10162,1,54,54,Installment,54,3,20,SMS,2026-02-08,2026-02-12,4,0.84,No,NONE,Rejected,"[59, 54, 49]"
O50228,A10162,2,62,67,Installment,67,3,10,SMS,2026-02-01,2026-02-04,3,0.74,Yes,Agent_Discretion,Accepted,"[67, 62, 57]"
O50229,A10163,1,68,68,Installment,68,9,16,SMS,2026-03-23,2026-03-30,7,0.69,No,NONE,Accepted,"[73, 68, 63]"
O50230,A10163,2,74,74,Installment,74,3,16,SMS,2026-03-05,2026-03-21,16,0.83,No,NONE,Accepted,"[79, 74, 69]"
O50231,A10164,1,82,87,Installment,87,3,19,Email,2026-03-01,2026-03-08,7,0.72,Yes,Agent_Discretion,Accepted,"[87, 82, 77]"
O50232,A10165,1,81,81,Installment,81,9,12,SMS,2026-03-01,2026-03-13,12,0.71,No,NONE,Accepted,"[86, 81, 76]"
O50233,A10166,1,75,75,Installment,75,3,12,SMS,2026-02-20,2026-02-22,2,0.69,No,NONE,Accepted,"[80, 75, 70]"
O50234,A10167,1,84,84,Installment,84,9,18,Call,2026-01-07,2026-01-25,18,0.58,No,NONE,Rejected,"[89, 84, 79]"
O50235,A10167,2,72,72,Installment,72,3,15,SMS,2026-02-07,2026-02-21,14,0.89,No,NONE,Rejected,"[77, 72, 67]"
O50236,A10168,1,68,68,Installment,68,3,16,Call,2026-03-19,2026-03-27,8,0.72,No,NONE,No Response,"[73, 68, 63]"
O50237,A10169,1,68,68,Installment,68,3,19,Call,2026-01-02,2026-01-14,12,0.59,No,NONE,Accepted,"[73, 68, 63]"
O50238,A10170,1,73,73,Installment,73,6,16,Call,2026-02-28,2026-03-13,13,0.88,No,NONE,Accepted,"[78, 73, 68]"
O50239,A10170,2,76,76,Installment,76,3,10,Call,2026-02-15,2026-03-03,16,0.84,No,NONE,No Response,"[81, 76, 71]"
O50240,A10171,1,73,73,Installment,73,6,12,Call,2026-01-21,2026-02-02,12,0.84,No,NONE,Rejected,"[78, 73, 68]"
O50241,A10171,2,71,71,Installment,71,3,13,SMS,2026-03-16,2026-03-26,10,0.8,No,NONE,Accepted,"[76, 71, 66]"
O50242,A10172,1,64,64,Installment,64,9,15,SMS,2026-03-20,2026-04-07,18,0.69,No,NONE,Rejected,"[69, 64, 59]"
O50243,A10172,2,45,45,Installment,45,9,20,Call,2026-03-04,2026-03-22,18,0.86,No,NONE,Rejected,"[50, 45, 40]"
O50244,A10173,1,79,79,Installment,79,3,19,SMS,2026-02-27,2026-03-14,15,0.86,No,NONE,Accepted,"[84, 79, 74]"
O50245,A10173,2,67,67,Installment,67,3,21,Email,2026-03-30,2026-04-08,9,0.77,No,NONE,Rejected,"[72, 67, 62]"
O50246,A10174,1,53,53,Installment,53,6,17,Call,2026-03-27,2026-04-05,9,0.84,No,NONE,Accepted,"[58, 53, 48]"
O50247,A10175,1,64,64,Installment,64,3,17,Email,2026-03-11,2026-03-29,18,0.71,No,NONE,Rejected,"[69, 64, 59]"
O50248,A10175,2,47,47,Installment,47,9,12,Call,2026-03-26,2026-04-02,7,0.77,No,NONE,Accepted,"[52, 47, 42]"
O50249,A10176,1,84,84,Installment,84,3,21,Email,2026-03-12,2026-03-15,3,0.57,No,NONE,Rejected,"[89, 84, 79]"
O50250,A10176,2,84,84,Installment,84,6,9,Email,2026-01-24,2026-01-25,1,0.64,No,NONE,Rejected,"[89, 84, 79]"
O50251,A10177,1,78,78,Installment,78,6,17,Call,2026-01-24,2026-02-05,12,0.62,No,NONE,Rejected,"[83, 78, 73]"
O50252,A10178,1,77,77,Installment,77,9,8,Call,2026-02-24,2026-03-12,16,0.68,No,NONE,Accepted,"[82, 77, 72]"
O50253,A10179,1,59,59,Installment,59,3,13,Email,2026-02-14,2026-02-14,0,0.59,No,NONE,Accepted,"[64, 59, 54]"
O50254,A10179,2,58,58,Installment,58,3,16,SMS,2026-01-09,2026-01-24,15,0.89,No,NONE,Accepted,"[63, 58, 53]"
O50255,A10180,1,77,77,Installment,77,9,17,Email,2026-02-20,2026-03-12,20,0.7,No,NONE,No Response,"[82, 77, 72]"
O50256,A10180,2,69,69,Installment,69,3,11,Call,2026-01-21,2026-01-30,9,0.77,No,NONE,Accepted,"[74, 69, 64]"
O50257,A10181,1,47,47,Installment,47,6,16,Call,2026-02-26,2026-03-01,3,0.63,No,NONE,Accepted,"[52, 47, 42]"
O50258,A10181,2,64,64,Installment,64,6,15,Call,2026-02-05,2026-02-25,20,0.65,No,NONE,Accepted,"[69, 64, 59]"
O50259,A10182,1,58,58,Installment,58,6,17,SMS,2026-03-21,2026-04-05,15,0.82,No,NONE,Accepted,"[63, 58, 53]"
O50260,A10183,1,43,48,Lump-Sum,48,0,16,SMS,2026-03-23,2026-04-02,10,0.74,Yes,Agent_Discretion,Accepted,"[48, 43, 38]"
O50261,A10184,1,59,64,Installment,64,9,14,SMS,2026-03-16,2026-04-04,19,0.57,Yes,Agent_Discretion,Accepted,"[64, 59, 54]"
O50262,A10185,1,49,49,Installment,49,9,14,Call,2026-03-23,2026-03-27,4,0.62,No,NONE,Accepted,"[54, 49, 44]"
O50263,A10186,1,76,76,Installment,76,6,12,Email,2026-02-10,2026-02-10,0,0.64,No,NONE,No Response,"[81, 76, 71]"
O50264,A10187,1,81,81,Installment,81,6,18,SMS,2026-03-02,2026-03-03,1,0.83,No,NONE,Accepted,"[86, 81, 76]"
O50265,A10188,1,33,33,Lump-Sum,33,0,12,SMS,2026-03-06,2026-03-15,9,0.88,No,NONE,Rejected,"[38, 33, 28]"
O50266,A10188,2,21,26,Lump-Sum,26,0,10,SMS,2026-01-16,2026-01-31,15,0.81,Yes,Agent_Discretion,Accepted,"[26, 21, 16]"
O50267,A10189,1,70,70,Installment,70,9,8,Email,2026-01-10,2026-01-12,2,0.86,No,NONE,Accepted,"[75, 70, 65]"
O50268,A10189,2,68,68,Installment,68,3,13,Call,2026-03-27,2026-04-10,14,0.63,No,NONE,Accepted,"[73, 68, 63]"
O50269,A10190,1,81,86,Installment,86,3,17,Email,2026-01-25,2026-01-27,2,0.59,Yes,Agent_Discretion,Rejected,"[86, 81, 76]"
O50270,A10190,2,82,87,Installment,87,9,15,Call,2026-03-10,2026-03-28,18,0.58,Yes,Agent_Discretion,Accepted,"[87, 82, 77]"
O50271,A10191,1,24,24,Lump-Sum,24,0,21,Call,2026-02-24,2026-03-04,8,0.61,No,NONE,Rejected,"[29, 24, 19]"
O50272,A10191,2,31,31,Lump-Sum,31,0,20,Email,2026-03-21,2026-03-23,2,0.86,No,NONE,Accepted,"[36, 31, 26]"
O50273,A10192,1,65,70,Installment,70,9,12,Call,2026-01-08,2026-01-12,4,0.77,Yes,Agent_Discretion,Accepted,"[70, 65, 60]"
O50274,A10193,1,76,76,Installment,76,9,20,Email,2026-01-16,2026-01-16,0,0.59,No,NONE,Rejected,"[81, 76, 71]"
O50275,A10193,2,66,66,Installment,66,3,10,SMS,2026-02-28,2026-03-04,4,0.56,No,NONE,Rejected,"[71, 66, 61]"
O50276,A10194,1,49,49,Installment,49,6,9,Call,2026-01-09,2026-01-28,19,0.8,No,NONE,Accepted,"[54, 49, 44]"
O50277,A10195,1,59,59,Installment,59,6,13,Email,2026-03-14,2026-04-03,20,0.86,No,NONE,Accepted,"[64, 59, 54]"
O50278,A10196,1,65,65,Installment,65,3,10,Email,2026-02-21,2026-02-22,1,0.62,No,NONE,Rejected,"[70, 65, 60]"
O50279,A10197,1,81,81,Installment,81,9,10,SMS,2026-01-11,2026-01-25,14,0.59,No,NONE,Rejected,"[86, 81, 76]"
O50280,A10198,1,52,57,Installment,57,6,16,SMS,2026-02-16,2026-02-22,6,0.84,Yes,Agent_Discretion,Accepted,"[57, 52, 47]"
O50281,A10199,1,68,68,Installment,68,9,12,Email,2026-02-16,2026-02-21,5,0.82,No,NONE,Accepted,"[73, 68, 63]"
O50282,A10199,2,84,84,Installment,84,9,16,Email,2026-03-17,2026-04-02,16,0.57,No,NONE,No Response,"[89, 84, 79]"
O50283,A10200,1,70,70,Installment,70,6,13,Call,2026-01-23,2026-01-24,1,0.85,No,NONE,Accepted,"[75, 70, 65]"
O50284,A10200,2,67,67,Installment,67,3,16,Call,2026-03-19,2026-04-07,19,0.87,No,NONE,Accepted,"[72, 67, 62]"
O50285,A10201,1,63,63,Installment,63,9,16,SMS,2026-01-03,2026-01-12,9,0.89,No,NONE,Rejected,"[68, 63, 58]"
O50286,A10201,2,63,63,Installment,63,3,20,SMS,2026-01-14,2026-01-19,5,0.63,No,NONE,Accepted,"[68, 63, 58]"
O50287,A10202,1,78,78,Installment,78,6,16,Email,2026-02-28,2026-03-13,13,0.87,No,NONE,No Response,"[83, 78, 73]"
O50288,A10203,1,78,78,Installment,78,3,21,SMS,2026-02-24,2026-03-11,15,0.65,No,NONE,Accepted,"[83, 78, 73]"
O50289,A10203,2,75,75,Installment,75,9,12,SMS,2026-02-19,2026-03-11,20,0.64,No,NONE,Accepted,"[80, 75, 70]"
O50290,A10204,1,53,53,Installment,53,3,9,SMS,2026-03-09,2026-03-11,2,0.56,No,NONE,Rejected,"[58, 53, 48]"
O50291,A10205,1,56,56,Installment,56,9,17,SMS,2026-01-15,2026-01-23,8,0.61,No,NONE,No Response,"[61, 56, 51]"
O50292,A10206,1,63,63,Installment,63,6,19,SMS,2026-03-12,2026-03-15,3,0.89,No,NONE,Accepted,"[68, 63, 58]"
O50293,A10207,1,73,73,Installment,73,6,13,SMS,2026-03-28,2026-04-02,5,0.55,No,NONE,Accepted,"[78, 73, 68]"
O50294,A10208,1,72,72,Installment,72,3,10,Call,2026-03-06,2026-03-18,12,0.76,No,NONE,Accepted,"[77, 72, 67]"
O50295,A10208,2,81,81,Installment,81,3,21,Email,2026-02-18,2026-03-03,13,0.85,No,NONE,Accepted,"[86, 81, 76]"
O50296,A10209,1,40,40,Lump-Sum,40,0,18,Call,2026-03-03,2026-03-12,9,0.88,No,NONE,Accepted,"[45, 40, 35]"
O50297,A10210,1,28,28,Lump-Sum,28,0,18,Email,2026-01-21,2026-02-08,18,0.75,No,NONE,Accepted,"[33, 28, 23]"
O50298,A10211,1,58,58,Installment,58,3,8,Email,2026-03-18,2026-03-31,13,0.69,No,NONE,No Response,"[63, 58, 53]"
O50299,A10211,2,57,57,Installment,57,6,14,Call,2026-02-02,2026-02-14,12,0.8,No,NONE,No Response,"[62, 57, 52]"
O50300,A10212,1,57,57,Installment,57,6,9,Call,2026-02-18,2026-03-04,14,0.78,No,NONE,Rejected,"[62, 57, 52]"
O50301,A10213,1,49,49,Installment,49,3,8,Call,2026-01-28,2026-02-04,7,0.66,No,NONE,Rejected,"[54, 49, 44]"
O50302,A10213,2,46,46,Installment,46,9,18,SMS,2026-03-15,2026-03-16,1,0.55,No,NONE,Rejected,"[51, 46, 41]"
O50303,A10214,1,71,71,Installment,71,9,12,Call,2026-03-25,2026-03-30,5,0.74,No,NONE,Rejected,"[76, 71, 66]"
O50304,A10214,2,72,72,Installment,72,9,18,SMS,2026-02-10,2026-02-21,11,0.58,No,NONE,Accepted,"[77, 72, 67]"
O50305,A10215,1,81,81,Installment,81,3,13,Email,2026-01-25,2026-01-30,5,0.7,No,NONE,Rejected,"[86, 81, 76]"
O50306,A10215,2,73,73,Installment,73,6,10,Email,2026-01-30,2026-02-10,11,0.85,No,NONE,No Response,"[78, 73, 68]"
O50307,A10216,1,27,27,Lump-Sum,27,0,19,SMS,2026-02-01,2026-02-04,3,0.73,No,NONE,Accepted,"[32, 27, 22]"
O50308,A10217,1,26,26,Lump-Sum,26,0,8,Email,2026-02-25,2026-02-25,0,0.6,No,NONE,Accepted,"[31, 26, 21]"
O50309,A10218,1,67,67,Installment,67,3,13,SMS,2026-01-11,2026-01-27,16,0.74,No,NONE,Rejected,"[72, 67, 62]"
O50310,A10218,2,76,76,Installment,76,3,20,Call,2026-01-31,2026-02-03,3,0.72,No,NONE,Accepted,"[81, 76, 71]"
O50311,A10219,1,55,55,Installment,55,6,18,Email,2026-01-26,2026-02-08,13,0.61,No,NONE,Accepted,"[60, 55, 50]"
O50312,A10220,1,79,79,Installment,79,6,20,SMS,2026-02-11,2026-02-15,4,0.88,No,NONE,Accepted,"[84, 79, 74]"
O50313,A10220,2,70,70,Installment,70,3,20,Email,2026-03-14,2026-03-30,16,0.89,No,NONE,Accepted,"[75, 70, 65]"
O50314,A10221,1,60,60,Installment,60,3,8,SMS,2026-03-10,2026-03-14,4,0.74,No,NONE,Rejected,"[65, 60, 55]"
O50315,A10222,1,63,63,Installment,63,9,17,SMS,2026-02-01,2026-02-13,12,0.73,No,NONE,Rejected,"[68, 63, 58]"
O50316,A10222,2,56,56,Installment,56,3,19,Email,2026-03-09,2026-03-27,18,0.6,No,NONE,Accepted,"[61, 56, 51]"
O50317,A10223,1,75,75,Installment,75,6,15,Call,2026-01-17,2026-01-19,2,0.75,No,NONE,Rejected,"[80, 75, 70]"
O50318,A10223,2,69,69,Installment,69,3,12,Call,2026-01-08,2026-01-12,4,0.63,No,NONE,No Response,"[74, 69, 64]"
O50319,A10224,1,75,75,Installment,75,6,12,Call,2026-02-16,2026-02-27,11,0.83,No,NONE,Accepted,"[80, 75, 70]"
O50320,A10224,2,81,81,Installment,81,6,19,Call,2026-02-10,2026-02-23,13,0.6,No,NONE,Accepted,"[86, 81, 76]"
O50321,A10225,1,31,31,Lump-Sum,31,0,13,Email,2026-03-11,2026-03-14,3,0.62,No,NONE,Rejected,"[36, 31, 26]"
O50322,A10225,2,34,34,Lump-Sum,34,0,9,SMS,2026-03-05,2026-03-23,18,0.85,No,NONE,No Response,"[39, 34, 29]"
O50323,A10226,1,63,63,Installment,63,3,10,Email,2026-01-04,2026-01-10,6,0.59,No,NONE,No Response,"[68, 63, 58]"
O50324,A10227,1,61,61,Installment,61,9,13,Email,2026-03-13,2026-03-31,18,0.71,No,NONE,Accepted,"[66, 61, 56]"
O50325,A10228,1,80,80,Installment,80,9,13,Call,2026-01-22,2026-02-01,10,0.6,No,NONE,Accepted,"[85, 80, 75]"
O50326,A10228,2,80,80,Installment,80,6,16,Call,2026-02-10,2026-02-12,2,0.55,No,NONE,No Response,"[85, 80, 75]"
O50327,A10229,1,61,66,Installment,66,9,8,SMS,2026-01-30,2026-02-05,6,0.77,Yes,Agent_Discretion,Accepted,"[66, 61, 56]"
O50328,A10229,2,57,57,Installment,57,9,8,Email,2026-01-05,2026-01-13,8,0.76,No,NONE,Accepted,"[62, 57, 52]"
O50329,A10230,1,58,58,Installment,58,9,10,Email,2026-01-04,2026-01-09,5,0.77,No,NONE,Rejected,"[63, 58, 53]"
O50330,A10231,1,57,57,Installment,57,3,14,Call,2026-01-16,2026-01-17,1,0.83,No,NONE,Rejected,"[62, 57, 52]"
O50331,A10231,2,46,51,Installment,51,9,19,Call,2026-01-13,2026-01-27,14,0.65,Yes,Agent_Discretion,Rejected,"[51, 46, 41]"
O50332,A10232,1,71,71,Installment,71,3,21,SMS,2026-03-06,2026-03-22,16,0.56,No,NONE,Accepted,"[76, 71, 66]"
O50333,A10232,2,83,83,Installment,83,9,14,Call,2026-03-27,2026-04-12,16,0.71,No,NONE,Rejected,"[88, 83, 78]"
O50334,A10233,1,84,84,Installment,84,6,11,SMS,2026-01-14,2026-01-31,17,0.83,No,NONE,Rejected,"[89, 84, 79]"
O50335,A10234,1,77,77,Installment,77,9,21,Call,2026-01-08,2026-01-25,17,0.6,No,NONE,Rejected,"[82, 77, 72]"
O50336,A10235,1,76,76,Installment,76,6,20,Call,2026-02-26,2026-03-14,16,0.8,No,NONE,Rejected,"[81, 76, 71]"
O50337,A10236,1,62,62,Installment,62,3,20,Email,2026-01-06,2026-01-10,4,0.84,No,NONE,Accepted,"[67, 62, 57]"
O50338,A10236,2,53,53,Installment,53,6,10,SMS,2026-02-13,2026-02-16,3,0.7,No,NONE,Accepted,"[58, 53, 48]"
O50339,A10237,1,63,68,Installment,68,9,16,Email,2026-02-27,2026-02-27,0,0.55,Yes,Agent_Discretion,Accepted,"[68, 63, 58]"
O50340,A10237,2,55,55,Installment,55,9,8,Email,2026-02-02,2026-02-13,11,0.88,No,NONE,Accepted,"[60, 55, 50]"
O50341,A10238,1,83,83,Installment,83,3,13,Email,2026-02-11,2026-02-27,16,0.73,No,NONE,Accepted,"[88, 83, 78]"
O50342,A10239,1,82,82,Installment,82,3,9,SMS,2026-03-12,2026-03-20,8,0.84,No,NONE,No Response,"[87, 82, 77]"
O50343,A10240,1,53,53,Installment,53,3,14,SMS,2026-02-23,2026-02-23,0,0.56,No,NONE,Accepted,"[58, 53, 48]"
O50344,A10241,1,23,23,Lump-Sum,23,0,19,SMS,2026-01-28,2026-02-02,5,0.79,No,NONE,Accepted,"[28, 23, 18]"
O50345,A10241,2,20,20,Lump-Sum,20,0,13,Call,2026-01-13,2026-01-29,16,0.73,No,NONE,Accepted,"[25, 20, 15]"
O50346,A10242,1,33,33,Lump-Sum,33,0,13,SMS,2026-01-24,2026-01-25,1,0.59,No,NONE,Accepted,"[38, 33, 28]"
O50347,A10242,2,44,44,Lump-Sum,44,0,13,SMS,2026-01-17,2026-01-28,11,0.71,No,NONE,No Response,"[49, 44, 39]"
O50348,A10243,1,25,25,Lump-Sum,25,0,8,Call,2026-01-28,2026-02-12,15,0.85,No,NONE,Rejected,"[30, 25, 20]"
O50349,A10244,1,59,59,Installment,59,6,14,SMS,2026-02-03,2026-02-07,4,0.67,No,NONE,Rejected,"[64, 59, 54]"
O50350,A10245,1,76,81,Installment,81,3,14,Email,2026-02-12,2026-03-04,20,0.79,Yes,Agent_Discretion,Accepted,"[81, 76, 71]"
O50351,A10246,1,72,72,Installment,72,9,20,SMS,2026-02-28,2026-03-03,3,0.88,No,NONE,Rejected,"[77, 72, 67]"
O50352,A10246,2,77,77,Installment,77,6,11,Call,2026-03-28,2026-04-08,11,0.9,No,NONE,Accepted,"[82, 77, 72]"
O50353,A10247,1,64,64,Installment,64,3,18,Call,2026-01-15,2026-01-23,8,0.62,No,NONE,Accepted,"[69, 64, 59]"
O50354,A10248,1,54,54,Installment,54,3,12,Email,2026-03-24,2026-04-03,10,0.61,No,NONE,Rejected,"[59, 54, 49]"
O50355,A10248,2,45,45,Installment,45,6,19,SMS,2026-02-21,2026-02-26,5,0.86,No,NONE,Rejected,"[50, 45, 40]"
O50356,A10249,1,81,81,Installment,81,3,18,Call,2026-03-25,2026-04-13,19,0.7,No,NONE,Accepted,"[86, 81, 76]"
O50357,A10250,1,58,63,Installment,63,6,17,Call,2026-02-07,2026-02-24,17,0.7,Yes,Agent_Discretion,Accepted,"[63, 58, 53]"
O50358,A10250,2,50,50,Installment,50,9,19,SMS,2026-02-13,2026-02-25,12,0.6,No,NONE,No Response,"[55, 50, 45]"
O50359,A10251,1,56,56,Installment,56,9,19,Email,2026-01-16,2026-01-19,3,0.89,No,NONE,Rejected,"[61, 56, 51]"
O50360,A10252,1,62,62,Installment,62,6,9,Call,2026-02-24,2026-03-01,5,0.55,No,NONE,Rejected,"[67, 62, 57]"
O50361,A10253,1,66,66,Installment,66,6,9,Email,2026-02-12,2026-03-04,20,0.69,No,NONE,No Response,"[71, 66, 61]"
O50362,A10253,2,68,68,Installment,68,9,8,Email,2026-03-06,2026-03-16,10,0.89,No,NONE,Rejected,"[73, 68, 63]"
O50363,A10254,1,56,61,Installment,61,3,19,Call,2026-03-15,2026-03-18,3,0.83,Yes,Agent_Discretion,Accepted,"[61, 56, 51]"
O50364,A10254,2,54,54,Installment,54,9,13,SMS,2026-03-07,2026-03-14,7,0.64,No,NONE,Accepted,"[59, 54, 49]"
O50365,A10255,1,77,82,Installment,82,9,8,SMS,2026-01-09,2026-01-10,1,0.82,Yes,Agent_Discretion,Accepted,"[82, 77, 72]"
O50366,A10255,2,84,89,Installment,89,3,14,Email,2026-02-04,2026-02-06,2,0.65,Yes,Agent_Discretion,Rejected,"[89, 84, 79]"
O50367,A10256,1,64,64,Installment,64,3,9,SMS,2026-03-23,2026-03-26,3,0.62,No,NONE,No Response,"[69, 64, 59]"
O50368,A10256,2,64,69,Installment,69,3,16,SMS,2026-02-28,2026-03-10,10,0.56,Yes,Agent_Discretion,Accepted,"[69, 64, 59]"
O50369,A10257,1,57,57,Installment,57,9,15,Email,2026-03-09,2026-03-13,4,0.7,No,NONE,Accepted,"[62, 57, 52]"
O50370,A10257,2,63,63,Installment,63,9,14,Email,2026-03-01,2026-03-07,6,0.85,No,NONE,Accepted,"[68, 63, 58]"
O50371,A10258,1,74,74,Installment,74,9,14,Call,2026-01-08,2026-01-16,8,0.62,No,NONE,Accepted,"[79, 74, 69]"
O50372,A10258,2,68,68,Installment,68,9,15,Email,2026-02-06,2026-02-06,0,0.84,No,NONE,Accepted,"[73, 68, 63]"
O50373,A10259,1,54,54,Installment,54,9,12,Email,2026-02-03,2026-02-19,16,0.88,No,NONE,Accepted,"[59, 54, 49]"
O50374,A10259,2,53,58,Installment,58,3,16,Call,2026-03-01,2026-03-06,5,0.62,Yes,Agent_Discretion,Accepted,"[58, 53, 48]"
O50375,A10260,1,84,84,Installment,84,6,10,Email,2026-02-20,2026-03-06,14,0.77,No,NONE,Accepted,"[89, 84, 79]"
O50376,A10261,1,82,82,Installment,82,9,10,Call,2026-01-25,2026-02-09,15,0.59,No,NONE,Accepted,"[87, 82, 77]"
O50377,A10261,2,79,79,Installment,79,6,12,Call,2026-02-08,2026-02-23,15,0.76,No,NONE,Rejected,"[84, 79, 74]"
O50378,A10262,1,29,29,Lump-Sum,29,0,21,SMS,2026-02-28,2026-03-01,1,0.64,No,NONE,Rejected,"[34, 29, 24]"
O50379,A10263,1,81,81,Installment,81,3,18,SMS,2026-02-21,2026-03-07,14,0.75,No,NONE,Rejected,"[86, 81, 76]"
O50380,A10264,1,83,83,Installment,83,9,14,Email,2026-03-29,2026-03-30,1,0.83,No,NONE,Accepted,"[88, 83, 78]"
O50381,A10264,2,71,71,Installment,71,6,18,SMS,2026-02-26,2026-03-14,16,0.62,No,NONE,Accepted,"[76, 71, 66]"
O50382,A10265,1,64,64,Installment,64,9,20,Email,2026-03-22,2026-04-07,16,0.74,No,NONE,Accepted,"[69, 64, 59]"
O50383,A10266,1,48,48,Installment,48,3,10,Email,2026-03-09,2026-03-26,17,0.84,No,NONE,Accepted,"[53, 48, 43]"
O50384,A10267,1,78,78,Installment,78,6,16,SMS,2026-01-04,2026-01-22,18,0.89,No,NONE,Accepted,"[83, 78, 73]"
O50385,A10267,2,65,65,Installment,65,3,21,Email,2026-03-21,2026-03-26,5,0.88,No,NONE,Accepted,"[70, 65, 60]"
O50386,A10268,1,44,44,Lump-Sum,44,0,14,Call,2026-03-09,2026-03-20,11,0.85,No,NONE,Rejected,"[49, 44, 39]"
O50387,A10268,2,24,29,Lump-Sum,29,0,9,Email,2026-03-19,2026-03-21,2,0.87,Yes,Agent_Discretion,Accepted,"[29, 24, 19]"
O50388,A10269,1,65,65,Installment,65,3,18,SMS,2026-02-22,2026-03-04,10,0.88,No,NONE,Accepted,"[70, 65, 60]"
O50389,A10269,2,78,78,Installment,78,6,9,SMS,2026-02-28,2026-02-28,0,0.79,No,NONE,Accepted,"[83, 78, 73]"
O50390,A10270,1,34,34,Lump-Sum,34,0,11,Call,2026-02-02,2026-02-14,12,0.81,No,NONE,Accepted,"[39, 34, 29]"
O50391,A10271,1,84,84,Installment,84,3,16,Call,2026-03-23,2026-04-01,9,0.71,No,NONE,No Response,"[89, 84, 79]"
O50392,A10271,2,66,66,Installment,66,3,9,Call,2026-03-10,2026-03-18,8,0.75,No,NONE,Accepted,"[71, 66, 61]"
O50393,A10272,1,71,71,Installment,71,3,10,Call,2026-01-10,2026-01-11,1,0.65,No,NONE,Rejected,"[76, 71, 66]"
O50394,A10273,1,75,75,Installment,75,6,11,Email,2026-01-29,2026-02-12,14,0.7,No,NONE,Rejected,"[80, 75, 70]"
O50395,A10273,2,83,83,Installment,83,6,13,Email,2026-03-07,2026-03-27,20,0.68,No,NONE,Rejected,"[88, 83, 78]"
O50396,A10274,1,60,60,Installment,60,9,19,Call,2026-02-28,2026-03-03,3,0.85,No,NONE,No Response,"[65, 60, 55]"
O50397,A10275,1,74,74,Installment,74,3,18,Call,2026-02-28,2026-03-18,18,0.77,No,NONE,Accepted,"[79, 74, 69]"
O50398,A10276,1,45,50,Installment,50,3,16,Email,2026-03-09,2026-03-15,6,0.89,Yes,Agent_Discretion,Accepted,"[50, 45, 40]"
O50399,A10277,1,74,74,Installment,74,6,8,Call,2026-01-06,2026-01-21,15,0.55,No,NONE,Accepted,"[79, 74, 69]"
O50400,A10277,2,67,67,Installment,67,9,11,SMS,2026-03-26,2026-04-09,14,0.73,No,NONE,Accepted,"[72, 67, 62]"
O50401,A10278,1,61,61,Installment,61,6,11,SMS,2026-02-10,2026-02-19,9,0.58,No,NONE,Accepted,"[66, 61, 56]"
O50402,A10278,2,59,59,Installment,59,3,21,SMS,2026-02-16,2026-02-16,0,0.58,No,NONE,No Response,"[64, 59, 54]"
O50403,A10279,1,82,82,Installment,82,9,9,Call,2026-02-27,2026-02-27,0,0.88,No,NONE,Rejected,"[87, 82, 77]"
O50404,A10280,1,83,83,Installment,83,6,10,Call,2026-03-04,2026-03-16,12,0.73,No,NONE,Accepted,"[88, 83, 78]"
O50405,A10280,2,78,78,Installment,78,3,13,Email,2026-03-22,2026-03-30,8,0.74,No,NONE,Accepted,"[83, 78, 73]"
O50406,A10281,1,49,49,Installment,49,6,20,Call,2026-02-25,2026-03-17,20,0.64,No,NONE,Rejected,"[54, 49, 44]"
O50407,A10282,1,68,68,Installment,68,6,9,Email,2026-02-06,2026-02-20,14,0.65,No,NONE,Accepted,"[73, 68, 63]"
O50408,A10283,1,48,48,Installment,48,6,15,Email,2026-01-07,2026-01-17,10,0.65,No,NONE,Rejected,"[53, 48, 43]"
O50409,A10284,1,45,45,Installment,45,3,12,SMS,2026-03-26,2026-04-10,15,0.61,No,NONE,Rejected,"[50, 45, 40]"
O50410,A10285,1,77,77,Installment,77,3,8,Email,2026-03-24,2026-03-26,2,0.73,No,NONE,Accepted,"[82, 77, 72]"
O50411,A10285,2,84,84,Installment,84,9,12,Call,2026-02-24,2026-03-09,13,0.67,No,NONE,Accepted,"[89, 84, 79]"
O50412,A10286,1,45,45,Installment,45,6,10,SMS,2026-03-02,2026-03-10,8,0.73,No,NONE,Accepted,"[50, 45, 40]"
O50413,A10286,2,49,49,Installment,49,9,10,Call,2026-03-22,2026-04-02,11,0.7,No,NONE,Rejected,"[54, 49, 44]"
O50414,A10287,1,69,69,Installment,69,9,14,SMS,2026-02-01,2026-02-14,13,0.61,No,NONE,Accepted,"[74, 69, 64]"
O50415,A10288,1,70,70,Installment,70,6,8,Call,2026-01-22,2026-01-22,0,0.61,No,NONE,No Response,"[75, 70, 65]"
O50416,A10288,2,78,78,Installment,78,3,17,Email,2026-02-05,2026-02-06,1,0.64,No,NONE,Accepted,"[83, 78, 73]"
O50417,A10289,1,63,63,Installment,63,9,20,SMS,2026-01-28,2026-02-04,7,0.7,No,NONE,Accepted,"[68, 63, 58]"
O50418,A10290,1,54,54,Installment,54,6,10,SMS,2026-03-06,2026-03-23,17,0.85,No,NONE,Rejected,"[59, 54, 49]"
O50419,A10291,1,57,57,Installment,57,6,8,Email,2026-03-05,2026-03-11,6,0.59,No,NONE,Rejected,"[62, 57, 52]"
O50420,A10292,1,81,81,Installment,81,6,8,Email,2026-03-06,2026-03-22,16,0.57,No,NONE,Accepted,"[86, 81, 76]"
O50421,A10292,2,79,79,Installment,79,3,13,SMS,2026-02-01,2026-02-16,15,0.74,No,NONE,Rejected,"[84, 79, 74]"
O50422,A10293,1,80,80,Installment,80,9,21,SMS,2026-02-20,2026-02-28,8,0.61,No,NONE,No Response,"[85, 80, 75]"
O50423,A10293,2,77,77,Installment,77,6,21,SMS,2026-01-11,2026-01-31,20,0.83,No,NONE,No Response,"[82, 77, 72]"
O50424,A10294,1,52,52,Installment,52,3,15,Email,2026-03-17,2026-03-31,14,0.57,No,NONE,Rejected,"[57, 52, 47]"
O50425,A10295,1,66,66,Installment,66,3,18,Call,2026-03-20,2026-04-08,19,0.66,No,NONE,Accepted,"[71, 66, 61]"
O50426,A10296,1,72,77,Installment,77,9,19,Email,2026-03-03,2026-03-06,3,0.78,Yes,Agent_Discretion,Rejected,"[77, 72, 67]"
O50427,A10297,1,55,55,Installment,55,9,19,Call,2026-02-18,2026-02-26,8,0.82,No,NONE,Accepted,"[60, 55, 50]"
O50428,A10298,1,52,52,Installment,52,3,21,Email,2026-02-27,2026-03-03,4,0.79,No,NONE,Rejected,"[57, 52, 47]"
O50429,A10299,1,38,38,Lump-Sum,38,0,19,SMS,2026-01-29,2026-02-04,6,0.67,No,NONE,Accepted,"[43, 38, 33]"
O50430,A10300,1,60,60,Installment,60,6,11,Call,2026-01-03,2026-01-23,20,0.75,No,NONE,Rejected,"[65, 60, 55]"
O50431,A10301,1,74,74,Installment,74,9,16,SMS,2026-01-11,2026-01-26,15,0.63,No,NONE,Accepted,"[79, 74, 69]"
O50432,A10302,1,76,76,Installment,76,6,9,Call,2026-03-21,2026-04-06,16,0.68,No,NONE,Rejected,"[81, 76, 71]"
O50433,A10302,2,82,82,Installment,82,3,10,Call,2026-03-03,2026-03-08,5,0.81,No,NONE,Accepted,"[87, 82, 77]"
O50434,A10303,1,78,78,Installment,78,9,12,Email,2026-01-07,2026-01-16,9,0.84,No,NONE,Accepted,"[83, 78, 73]"
O50435,A10304,1,64,64,Installment,64,3,19,SMS,2026-03-25,2026-04-05,11,0.71,No,NONE,Accepted,"[69, 64, 59]"
O50436,A10304,2,47,47,Installment,47,6,13,SMS,2026-03-01,2026-03-14,13,0.86,No,NONE,No Response,"[52, 47, 42]"
O50437,A10305,1,26,26,Lump-Sum,26,0,15,Email,2026-01-18,2026-01-19,1,0.83,No,NONE,Rejected,"[31, 26, 21]"
O50438,A10306,1,84,84,Installment,84,9,20,Email,2026-03-02,2026-03-11,9,0.63,No,NONE,Accepted,"[89, 84, 79]"
O50439,A10306,2,77,77,Installment,77,9,13,Email,2026-03-16,2026-04-05,20,0.55,No,NONE,Accepted,"[82, 77, 72]"
O50440,A10307,1,41,46,Lump-Sum,46,0,8,Email,2026-03-19,2026-04-05,17,0.84,Yes,Agent_Discretion,Rejected,"[46, 41, 36]"
O50441,A10308,1,80,80,Installment,80,3,11,SMS,2026-01-10,2026-01-28,18,0.77,No,NONE,Rejected,"[85, 80, 75]"
O50442,A10309,1,55,55,Installment,55,9,15,Email,2026-02-17,2026-03-07,18,0.88,No,NONE,Accepted,"[60, 55, 50]"
O50443,A10309,2,49,49,Installment,49,3,19,Call,2026-01-05,2026-01-23,18,0.78,No,NONE,Rejected,"[54, 49, 44]"
O50444,A10310,1,78,83,Installment,83,9,14,Call,2026-01-11,2026-01-28,17,0.68,Yes,Agent_Discretion,No Response,"[83, 78, 73]"
O50445,A10310,2,76,76,Installment,76,6,17,Call,2026-02-10,2026-02-18,8,0.6,No,NONE,Rejected,"[81, 76, 71]"
O50446,A10311,1,79,79,Installment,79,9,8,SMS,2026-01-22,2026-02-08,17,0.88,No,NONE,Accepted,"[84, 79, 74]"
O50447,A10312,1,65,65,Installment,65,6,11,Call,2026-02-12,2026-02-26,14,0.87,No,NONE,Rejected,"[70, 65, 60]"
O50448,A10312,2,77,77,Installment,77,6,9,Call,2026-02-06,2026-02-22,16,0.75,No,NONE,Rejected,"[82, 77, 72]"
O50449,A10313,1,64,69,Installment,69,9,21,Call,2026-02-09,2026-02-25,16,0.76,Yes,Agent_Discretion,Accepted,"[69, 64, 59]"
O50450,A10314,1,60,60,Installment,60,9,10,SMS,2026-03-28,2026-04-05,8,0.86,No,NONE,Rejected,"[65, 60, 55]"
O50451,A10314,2,52,52,Installment,52,3,14,SMS,2026-01-20,2026-01-26,6,0.78,No,NONE,No Response,"[57, 52, 47]"
O50452,A10315,1,33,33,Lump-Sum,33,0,19,Call,2026-02-19,2026-02-25,6,0.63,No,NONE,Accepted,"[38, 33, 28]"
O50453,A10316,1,54,59,Installment,59,9,12,Call,2026-01-15,2026-01-19,4,0.61,Yes,Agent_Discretion,Accepted,"[59, 54, 49]"
O50454,A10317,1,72,72,Installment,72,3,21,Call,2026-03-05,2026-03-12,7,0.64,No,NONE,Accepted,"[77, 72, 67]"
O50455,A10318,1,48,48,Installment,48,9,9,Call,2026-03-27,2026-03-30,3,0.85,No,NONE,Accepted,"[53, 48, 43]"
O50456,A10318,2,46,46,Installment,46,6,12,Call,2026-01-11,2026-01-24,13,0.82,No,NONE,Accepted,"[51, 46, 41]"
O50457,A10319,1,76,76,Installment,76,3,14,Email,2026-03-03,2026-03-19,16,0.66,No,NONE,Rejected,"[81, 76, 71]"
O50458,A10320,1,66,66,Installment,66,6,10,SMS,2026-01-13,2026-01-28,15,0.85,No,NONE,Accepted,"[71, 66, 61]"
O50459,A10321,1,71,71,Installment,71,6,18,SMS,2026-02-01,2026-02-09,8,0.72,No,NONE,Rejected,"[76, 71, 66]"
O50460,A10322,1,76,76,Installment,76,3,10,Call,2026-03-01,2026-03-07,6,0.59,No,NONE,Rejected,"[81, 76, 71]"
O50461,A10323,1,72,72,Installment,72,3,13,Email,2026-03-22,2026-04-07,16,0.81,No,NONE,Accepted,"[77, 72, 67]"
O50462,A10324,1,48,48,Installment,48,9,13,Email,2026-03-13,2026-03-25,12,0.75,No,NONE,Accepted,"[53, 48, 43]"
O50463,A10324,2,47,47,Installment,47,9,15,Call,2026-03-21,2026-03-26,5,0.6,No,NONE,Accepted,"[52, 47, 42]"
O50464,A10325,1,22,22,Lump-Sum,22,0,18,Email,2026-03-17,2026-04-02,16,0.75,No,NONE,Accepted,"[27, 22, 17]"
O50465,A10325,2,39,39,Lump-Sum,39,0,17,Email,2026-02-10,2026-03-02,20,0.76,No,NONE,Rejected,"[44, 39, 34]"
O50466,A10326,1,54,54,Installment,54,3,8,Call,2026-01-20,2026-02-08,19,0.64,No,NONE,Rejected,"[59, 54, 49]"
O50467,A10326,2,57,62,Installment,62,6,18,SMS,2026-02-27,2026-03-06,7,0.88,Yes,Agent_Discretion,Rejected,"[62, 57, 52]"
O50468,A10327,1,59,59,Installment,59,3,19,SMS,2026-02-08,2026-02-12,4,0.8,No,NONE,Rejected,"[64, 59, 54]"
O50469,A10327,2,62,62,Installment,62,3,9,SMS,2026-01-30,2026-02-05,6,0.8,No,NONE,Accepted,"[67, 62, 57]"
O50470,A10328,1,80,80,Installment,80,9,16,Call,2026-02-09,2026-02-27,18,0.82,No,NONE,Accepted,"[85, 80, 75]"
O50471,A10328,2,84,84,Installment,84,3,13,Email,2026-02-26,2026-03-17,19,0.61,No,NONE,Accepted,"[89, 84, 79]"
O50472,A10329,1,73,73,Installment,73,3,21,SMS,2026-01-12,2026-01-12,0,0.76,No,NONE,Accepted,"[78, 73, 68]"
O50473,A10330,1,65,65,Installment,65,9,14,Email,2026-02-11,2026-03-01,18,0.78,No,NONE,Accepted,"[70, 65, 60]"
O50474,A10331,1,72,72,Installment,72,6,12,SMS,2026-01-06,2026-01-23,17,0.84,No,NONE,Accepted,"[77, 72, 67]"
O50475,A10332,1,67,67,Installment,67,3,10,Call,2026-03-29,2026-04-14,16,0.78,No,NONE,No Response,"[72, 67, 62]"
O50476,A10332,2,81,81,Installment,81,6,13,Email,2026-02-25,2026-03-02,5,0.76,No,NONE,Accepted,"[86, 81, 76]"
O50477,A10333,1,81,81,Installment,81,6,8,SMS,2026-02-27,2026-03-11,12,0.67,No,NONE,Accepted,"[86, 81, 76]"
O50478,A10334,1,47,47,Installment,47,6,9,SMS,2026-02-25,2026-02-25,0,0.88,No,NONE,Accepted,"[52, 47, 42]"
O50479,A10334,2,60,60,Installment,60,9,16,Email,2026-02-07,2026-02-18,11,0.61,No,NONE,Rejected,"[65, 60, 55]"
O50480,A10335,1,33,33,Lump-Sum,33,0,17,Call,2026-02-03,2026-02-05,2,0.57,No,NONE,No Response,"[38, 33, 28]"
O50481,A10336,1,72,72,Installment,72,9,17,Email,2026-03-08,2026-03-12,4,0.57,No,NONE,Accepted,"[77, 72, 67]"
O50482,A10336,2,76,76,Installment,76,6,14,Email,2026-02-13,2026-02-27,14,0.67,No,NONE,Rejected,"[81, 76, 71]"
O50483,A10337,1,80,80,Installment,80,6,10,Call,2026-01-01,2026-01-02,1,0.76,No,NONE,No Response,"[85, 80, 75]"
O50484,A10338,1,45,50,Installment,50,9,21,SMS,2026-01-15,2026-01-28,13,0.61,Yes,Agent_Discretion,Accepted,"[50, 45, 40]"
O50485,A10338,2,49,49,Installment,49,9,9,SMS,2026-02-16,2026-02-19,3,0.84,No,NONE,Rejected,"[54, 49, 44]"
O50486,A10339,1,47,47,Installment,47,3,15,Email,2026-01-10,2026-01-29,19,0.64,No,NONE,Rejected,"[52, 47, 42]"
O50487,A10339,2,57,62,Installment,62,6,20,SMS,2026-02-06,2026-02-18,12,0.57,Yes,Agent_Discretion,Rejected,"[62, 57, 52]"
O50488,A10340,1,63,63,Installment,63,6,20,Email,2026-03-17,2026-03-23,6,0.81,No,NONE,Rejected,"[68, 63, 58]"
O50489,A10340,2,53,58,Installment,58,9,9,Email,2026-02-27,2026-03-19,20,0.59,Yes,Agent_Discretion,Accepted,"[58, 53, 48]"
O50490,A10341,1,52,52,Installment,52,3,17,Call,2026-01-01,2026-01-01,0,0.86,No,NONE,Rejected,"[57, 52, 47]"
O50491,A10342,1,47,47,Installment,47,3,8,Call,2026-01-08,2026-01-22,14,0.62,No,NONE,Accepted,"[52, 47, 42]"
O50492,A10343,1,78,78,Installment,78,6,15,SMS,2026-02-04,2026-02-17,13,0.75,No,NONE,Rejected,"[83, 78, 73]"
O50493,A10344,1,47,52,Installment,52,9,16,Call,2026-03-10,2026-03-26,16,0.56,Yes,Agent_Discretion,Accepted,"[52, 47, 42]"
O50494,A10344,2,64,64,Installment,64,6,11,SMS,2026-02-28,2026-03-17,17,0.87,No,NONE,Rejected,"[69, 64, 59]"
O50495,A10345,1,76,81,Installment,81,9,19,Email,2026-01-19,2026-01-29,10,0.58,Yes,Agent_Discretion,Accepted,"[81, 76, 71]"
O50496,A10346,1,60,65,Installment,65,9,18,Call,2026-01-24,2026-02-09,16,0.59,Yes,Agent_Discretion,Accepted,"[65, 60, 55]"
O50497,A10347,1,58,58,Installment,58,6,11,Email,2026-03-20,2026-04-03,14,0.56,No,NONE,No Response,"[63, 58, 53]"
O50498,A10348,1,57,57,Installment,57,9,18,Email,2026-01-03,2026-01-10,7,0.89,No,NONE,Accepted,"[62, 57, 52]"
O50499,A10349,1,56,56,Installment,56,9,21,Call,2026-02-26,2026-03-13,15,0.66,No,NONE,Accepted,"[61, 56, 51]"
O50500,A10349,2,51,51,Installment,51,9,12,Call,2026-02-12,2026-02-24,12,0.74,No,NONE,Rejected,"[56, 51, 46]"
O50501,A10350,1,68,68,Installment,68,6,15,Call,2026-01-06,2026-01-15,9,0.73,No,NONE,Accepted,"[73, 68, 63]"
O50502,A10351,1,60,60,Installment,60,6,18,Email,2026-03-04,2026-03-06,2,0.89,No,NONE,No Response,"[65, 60, 55]"
O50503,A10352,1,73,73,Installment,73,9,13,SMS,2026-02-01,2026-02-06,5,0.69,No,NONE,Rejected,"[78, 73, 68]"
O50504,A10353,1,74,79,Installment,79,9,21,SMS,2026-03-01,2026-03-12,11,0.7,Yes,Agent_Discretion,Accepted,"[79, 74, 69]"
O50505,A10354,1,29,29,Lump-Sum,29,0,11,Email,2026-02-16,2026-02-20,4,0.7,No,NONE,Accepted,"[34, 29, 24]"
O50506,A10355,1,60,60,Installment,60,6,16,Call,2026-03-15,2026-03-28,13,0.69,No,NONE,Accepted,"[65, 60, 55]"
O50507,A10356,1,78,78,Installment,78,6,10,Email,2026-02-17,2026-02-18,1,0.56,No,NONE,Rejected,"[83, 78, 73]"
O50508,A10357,1,42,42,Lump-Sum,42,0,19,SMS,2026-03-05,2026-03-06,1,0.7,No,NONE,Accepted,"[47, 42, 37]"
O50509,A10357,2,30,30,Lump-Sum,30,0,12,Email,2026-01-18,2026-01-20,2,0.75,No,NONE,Accepted,"[35, 30, 25]"
O50510,A10358,1,79,79,Installment,79,3,11,Email,2026-02-11,2026-02-22,11,0.55,No,NONE,Accepted,"[84, 79, 74]"
O50511,A10358,2,79,79,Installment,79,9,21,Email,2026-01-07,2026-01-21,14,0.57,No,NONE,Accepted,"[84, 79, 74]"
O50512,A10359,1,81,81,Installment,81,3,15,SMS,2026-03-22,2026-03-25,3,0.58,No,NONE,Accepted,"[86, 81, 76]"
O50513,A10359,2,79,79,Installment,79,6,17,Email,2026-01-30,2026-02-14,15,0.57,No,NONE,Accepted,"[84, 79, 74]"
O50514,A10360,1,67,67,Installment,67,9,20,Call,2026-02-16,2026-03-01,13,0.62,No,NONE,Accepted,"[72, 67, 62]"
O50515,A10361,1,64,64,Installment,64,6,13,Call,2026-03-04,2026-03-07,3,0.57,No,NONE,Accepted,"[69, 64, 59]"
O50516,A10361,2,57,57,Installment,57,9,21,Call,2026-02-03,2026-02-15,12,0.64,No,NONE,No Response,"[62, 57, 52]"
O50517,A10362,1,48,48,Installment,48,6,11,Email,2026-01-19,2026-01-24,5,0.83,No,NONE,Accepted,"[53, 48, 43]"
O50518,A10362,2,48,53,Installment,53,9,21,Email,2026-01-05,2026-01-24,19,0.68,Yes,Agent_Discretion,Rejected,"[53, 48, 43]"
O50519,A10363,1,66,71,Installment,71,9,14,Email,2026-01-09,2026-01-18,9,0.61,Yes,Agent_Discretion,Accepted,"[71, 66, 61]"
O50520,A10364,1,83,83,Installment,83,9,11,Call,2026-02-01,2026-02-02,1,0.7,No,NONE,Accepted,"[88, 83, 78]"
O50521,A10364,2,81,81,Installment,81,9,12,Email,2026-01-16,2026-01-29,13,0.79,No,NONE,Rejected,"[86, 81, 76]"
O50522,A10365,1,48,48,Installment,48,9,8,SMS,2026-02-19,2026-03-02,11,0.72,No,NONE,Accepted,"[53, 48, 43]"
O50523,A10366,1,54,54,Installment,54,9,17,Email,2026-01-24,2026-01-27,3,0.89,No,NONE,Rejected,"[59, 54, 49]"
O50524,A10366,2,57,57,Installment,57,9,8,Call,2026-03-08,2026-03-17,9,0.76,No,NONE,Rejected,"[62, 57, 52]"
O50525,A10367,1,64,64,Installment,64,6,15,SMS,2026-01-25,2026-02-03,9,0.77,No,NONE,Rejected,"[69, 64, 59]"
O50526,A10368,1,49,49,Installment,49,6,18,Email,2026-01-22,2026-02-10,19,0.81,No,NONE,Accepted,"[54, 49, 44]"
O50527,A10369,1,46,46,Installment,46,6,16,Call,2026-03-14,2026-03-25,11,0.58,No,NONE,Accepted,"[51, 46, 41]"
O50528,A10370,1,46,46,Installment,46,9,16,Call,2026-02-05,2026-02-06,1,0.69,No,NONE,Rejected,"[51, 46, 41]"
O50529,A10371,1,64,64,Installment,64,6,21,Call,2026-01-24,2026-02-13,20,0.84,No,NONE,Accepted,"[69, 64, 59]"
O50530,A10372,1,76,76,Installment,76,3,11,Call,2026-03-11,2026-03-14,3,0.73,No,NONE,Rejected,"[81, 76, 71]"
O50531,A10372,2,68,68,Installment,68,6,13,Email,2026-02-02,2026-02-14,12,0.64,No,NONE,Rejected,"[73, 68, 63]"
O50532,A10373,1,24,24,Lump-Sum,24,0,21,Call,2026-03-19,2026-03-25,6,0.79,No,NONE,No Response,"[29, 24, 19]"
O50533,A10374,1,71,71,Installment,71,3,16,Call,2026-01-15,2026-01-26,11,0.87,No,NONE,Rejected,"[76, 71, 66]"
O50534,A10374,2,77,77,Installment,77,9,21,Email,2026-03-28,2026-04-04,7,0.86,No,NONE,Accepted,"[82, 77, 72]"
O50535,A10375,1,83,83,Installment,83,3,18,Email,2026-03-03,2026-03-10,7,0.86,No,NONE,Rejected,"[88, 83, 78]"
O50536,A10376,1,46,46,Installment,46,9,8,Email,2026-03-30,2026-04-06,7,0.58,No,NONE,Rejected,"[51, 46, 41]"
O50537,A10376,2,55,55,Installment,55,9,11,Call,2026-03-31,2026-04-15,15,0.71,No,NONE,Accepted,"[60, 55, 50]"
O50538,A10377,1,65,65,Installment,65,6,15,SMS,2026-01-29,2026-02-17,19,0.79,No,NONE,Accepted,"[70, 65, 60]"
O50539,A10378,1,49,49,Installment,49,3,11,SMS,2026-03-17,2026-04-05,19,0.83,No,NONE,Accepted,"[54, 49, 44]"
O50540,A10378,2,63,63,Installment,63,3,20,SMS,2026-02-14,2026-02-24,10,0.65,No,NONE,Accepted,"[68, 63, 58]"
O50541,A10379,1,75,75,Installment,75,6,10,Call,2026-03-13,2026-03-22,9,0.65,No,NONE,Accepted,"[80, 75, 70]"
O50542,A10379,2,73,78,Installment,78,9,10,Email,2026-03-24,2026-04-08,15,0.74,Yes,Agent_Discretion,Accepted,"[78, 73, 68]"
O50543,A10380,1,75,80,Installment,80,6,21,Call,2026-02-12,2026-03-02,18,0.78,Yes,Agent_Discretion,Accepted,"[80, 75, 70]"
O50544,A10380,2,67,67,Installment,67,6,15,Email,2026-02-28,2026-03-19,19,0.77,No,NONE,Accepted,"[72, 67, 62]"
O50545,A10381,1,70,70,Installment,70,3,12,Call,2026-02-12,2026-03-02,18,0.81,No,NONE,No Response,"[75, 70, 65]"
O50546,A10382,1,84,84,Installment,84,9,21,Call,2026-03-16,2026-04-01,16,0.69,No,NONE,No Response,"[89, 84, 79]"
O50547,A10382,2,77,77,Installment,77,9,16,Call,2026-01-28,2026-02-07,10,0.84,No,NONE,Accepted,"[82, 77, 72]"
O50548,A10383,1,78,78,Installment,78,9,21,Call,2026-01-30,2026-02-15,16,0.88,No,NONE,No Response,"[83, 78, 73]"
O50549,A10384,1,44,44,Lump-Sum,44,0,13,Call,2026-02-16,2026-03-08,20,0.57,No,NONE,Rejected,"[49, 44, 39]"
O50550,A10385,1,41,41,Lump-Sum,41,0,17,SMS,2026-02-10,2026-02-19,9,0.76,No,NONE,Rejected,"[46, 41, 36]"
O50551,A10385,2,25,25,Lump-Sum,25,0,19,SMS,2026-02-02,2026-02-02,0,0.79,No,NONE,Accepted,"[30, 25, 20]"
O50552,A10386,1,48,48,Installment,48,3,10,SMS,2026-02-19,2026-02-27,8,0.64,No,NONE,Accepted,"[53, 48, 43]"
O50553,A10386,2,64,69,Installment,69,3,9,SMS,2026-01-27,2026-02-09,13,0.6,Yes,Agent_Discretion,Accepted,"[69, 64, 59]"
O50554,A10387,1,68,68,Installment,68,6,17,Email,2026-02-08,2026-02-23,15,0.73,No,NONE,Accepted,"[73, 68, 63]"
O50555,A10388,1,46,46,Installment,46,6,12,Email,2026-02-05,2026-02-22,17,0.88,No,NONE,Accepted,"[51, 46, 41]"
O50556,A10389,1,57,57,Installment,57,6,10,SMS,2026-02-13,2026-02-20,7,0.7,No,NONE,No Response,"[62, 57, 52]"
O50557,A10389,2,54,54,Installment,54,3,13,SMS,2026-01-12,2026-01-18,6,0.55,No,NONE,Accepted,"[59, 54, 49]"
O50558,A10390,1,79,79,Installment,79,9,14,Email,2026-02-13,2026-03-02,17,0.71,No,NONE,Rejected,"[84, 79, 74]"
O50559,A10391,1,56,61,Installment,61,9,9,SMS,2026-01-11,2026-01-14,3,0.73,Yes,Agent_Discretion,Accepted,"[61, 56, 51]"
O50560,A10391,2,46,46,Installment,46,3,14,SMS,2026-01-06,2026-01-15,9,0.56,No,NONE,Accepted,"[51, 46, 41]"
O50561,A10392,1,26,26,Lump-Sum,26,0,16,Call,2026-02-20,2026-03-08,16,0.61,No,NONE,Accepted,"[31, 26, 21]"
O50562,A10392,2,42,42,Lump-Sum,42,0,18,Email,2026-02-22,2026-03-03,9,0.68,No,NONE,Rejected,"[47, 42, 37]"
O50563,A10393,1,67,67,Installment,67,9,13,Email,2026-01-29,2026-02-12,14,0.85,No,NONE,No Response,"[72, 67, 62]"
O50564,A10394,1,52,52,Installment,52,9,12,Email,2026-03-25,2026-04-08,14,0.57,No,NONE,Rejected,"[57, 52, 47]"
O50565,A10394,2,57,57,Installment,57,3,12,SMS,2026-01-09,2026-01-22,13,0.87,No,NONE,Rejected,"[62, 57, 52]"
O50566,A10395,1,61,61,Installment,61,9,21,SMS,2026-01-01,2026-01-10,9,0.58,No,NONE,Accepted,"[66, 61, 56]"
O50567,A10395,2,61,61,Installment,61,3,14,Email,2026-03-19,2026-03-27,8,0.79,No,NONE,Rejected,"[66, 61, 56]"
O50568,A10396,1,57,62,Installment,62,9,19,Email,2026-01-28,2026-02-14,17,0.78,Yes,Agent_Discretion,Rejected,"[62, 57, 52]"
O50569,A10397,1,59,59,Installment,59,6,16,Call,2026-03-25,2026-03-25,0,0.56,No,NONE,No Response,"[64, 59, 54]"
O50570,A10398,1,60,65,Installment,65,3,16,Call,2026-02-14,2026-02-26,12,0.77,Yes,Agent_Discretion,Accepted,"[65, 60, 55]"
O50571,A10399,1,77,77,Installment,77,9,20,Call,2026-03-04,2026-03-15,11,0.77,No,NONE,Rejected,"[82, 77, 72]"
O50572,A10400,1,51,51,Installment,51,3,8,Email,2026-01-14,2026-01-26,12,0.81,No,NONE,Rejected,"[56, 51, 46]"
O50573,A10400,2,63,63,Installment,63,9,19,Email,2026-02-24,2026-02-24,0,0.57,No,NONE,Accepted,"[68, 63, 58]"
O50574,A10401,1,47,47,Installment,47,6,20,Call,2026-02-09,2026-02-24,15,0.73,No,NONE,No Response,"[52, 47, 42]"
O50575,A10401,2,60,60,Installment,60,6,15,Email,2026-02-04,2026-02-16,12,0.88,No,NONE,No Response,"[65, 60, 55]"
O50576,A10402,1,53,53,Installment,53,9,18,Email,2026-01-23,2026-02-10,18,0.7,No,NONE,Accepted,"[58, 53, 48]"
O50577,A10402,2,55,55,Installment,55,3,16,Email,2026-03-20,2026-03-20,0,0.74,No,NONE,Rejected,"[60, 55, 50]"
O50578,A10403,1,63,63,Installment,63,9,9,Email,2026-02-20,2026-03-01,9,0.64,No,NONE,Rejected,"[68, 63, 58]"
O50579,A10404,1,52,52,Installment,52,9,11,SMS,2026-03-18,2026-04-03,16,0.87,No,NONE,Accepted,"[57, 52, 47]"
O50580,A10405,1,46,46,Installment,46,9,16,SMS,2026-02-10,2026-02-15,5,0.81,No,NONE,Accepted,"[51, 46, 41]"
O50581,A10405,2,58,63,Installment,63,9,8,Email,2026-01-03,2026-01-23,20,0.77,Yes,Agent_Discretion,Rejected,"[63, 58, 53]"
O50582,A10406,1,57,57,Installment,57,3,20,SMS,2026-01-01,2026-01-04,3,0.85,No,NONE,Rejected,"[62, 57, 52]"
O50583,A10407,1,66,66,Installment,66,3,13,Email,2026-01-23,2026-02-10,18,0.64,No,NONE,Accepted,"[71, 66, 61]"
O50584,A10407,2,65,65,Installment,65,6,16,SMS,2026-02-24,2026-03-13,17,0.76,No,NONE,Rejected,"[70, 65, 60]"
O50585,A10408,1,53,58,Installment,58,6,21,SMS,2026-02-08,2026-02-17,9,0.62,Yes,Agent_Discretion,Accepted,"[58, 53, 48]"
O50586,A10409,1,73,73,Installment,73,3,20,SMS,2026-01-04,2026-01-11,7,0.65,No,NONE,Accepted,"[78, 73, 68]"
O50587,A10410,1,64,64,Installment,64,9,9,Email,2026-01-05,2026-01-24,19,0.79,No,NONE,No Response,"[69, 64, 59]"
O50588,A10411,1,54,54,Installment,54,9,21,SMS,2026-01-08,2026-01-10,2,0.6,No,NONE,Accepted,"[59, 54, 49]"
O50589,A10411,2,49,49,Installment,49,3,19,SMS,2026-01-13,2026-01-16,3,0.63,No,NONE,Rejected,"[54, 49, 44]"
O50590,A10412,1,21,21,Lump-Sum,21,0,15,Email,2026-03-01,2026-03-07,6,0.58,No,NONE,Accepted,"[26, 21, 16]"
O50591,A10412,2,38,38,Lump-Sum,38,0,11,Email,2026-03-30,2026-04-16,17,0.6,No,NONE,Rejected,"[43, 38, 33]"
O50592,A10413,1,51,51,Installment,51,6,10,Call,2026-03-11,2026-03-13,2,0.62,No,NONE,Accepted,"[56, 51, 46]"
O50593,A10413,2,49,49,Installment,49,6,21,SMS,2026-02-28,2026-03-18,18,0.68,No,NONE,Rejected,"[54, 49, 44]"
O50594,A10414,1,78,78,Installment,78,3,16,Email,2026-01-07,2026-01-25,18,0.64,No,NONE,Rejected,"[83, 78, 73]"
O50595,A10414,2,82,82,Installment,82,3,20,SMS,2026-03-24,2026-04-02,9,0.85,No,NONE,Rejected,"[87, 82, 77]"
O50596,A10415,1,70,70,Installment,70,3,21,SMS,2026-03-28,2026-04-02,5,0.57,No,NONE,Rejected,"[75, 70, 65]"
O50597,A10416,1,63,63,Installment,63,9,13,SMS,2026-01-28,2026-01-30,2,0.6,No,NONE,No Response,"[68, 63, 58]"
O50598,A10417,1,71,71,Installment,71,6,18,Email,2026-03-13,2026-03-31,18,0.6,No,NONE,Rejected,"[76, 71, 66]"
O50599,A10418,1,48,48,Installment,48,9,18,SMS,2026-01-03,2026-01-15,12,0.72,No,NONE,Rejected,"[53, 48, 43]"
O50600,A10418,2,56,56,Installment,56,3,8,Call,2026-03-16,2026-03-25,9,0.69,No,NONE,Rejected,"[61, 56, 51]"
O50601,A10419,1,81,81,Installment,81,9,11,Email,2026-01-05,2026-01-20,15,0.59,No,NONE,Rejected,"[86, 81, 76]"
O50602,A10420,1,61,61,Installment,61,6,13,Call,2026-01-23,2026-02-09,17,0.66,No,NONE,Accepted,"[66, 61, 56]"
O50603,A10420,2,59,59,Installment,59,9,21,Email,2026-01-08,2026-01-22,14,0.85,No,NONE,Accepted,"[64, 59, 54]"
O50604,A10421,1,84,84,Installment,84,6,19,Call,2026-01-01,2026-01-02,1,0.67,No,NONE,Accepted,"[89, 84, 79]"
O50605,A10421,2,71,71,Installment,71,6,15,Email,2026-01-31,2026-02-05,5,0.64,No,NONE,Accepted,"[76, 71, 66]"
O50606,A10422,1,64,64,Installment,64,3,9,Call,2026-01-22,2026-01-24,2,0.79,No,NONE,Accepted,"[69, 64, 59]"
O50607,A10422,2,60,60,Installment,60,3,14,Call,2026-01-02,2026-01-05,3,0.81,No,NONE,Accepted,"[65, 60, 55]"
O50608,A10423,1,69,69,Installment,69,3,12,SMS,2026-01-16,2026-02-03,18,0.7,No,NONE,Accepted,"[74, 69, 64]"
O50609,A10423,2,73,73,Installment,73,9,20,Call,2026-03-27,2026-03-28,1,0.81,No,NONE,No Response,"[78, 73, 68]"
O50610,A10424,1,65,65,Installment,65,3,9,Email,2026-01-04,2026-01-07,3,0.68,No,NONE,Rejected,"[70, 65, 60]"
O50611,A10424,2,74,79,Installment,79,6,9,Email,2026-03-01,2026-03-06,5,0.81,Yes,Agent_Discretion,Accepted,"[79, 74, 69]"
O50612,A10425,1,82,82,Installment,82,3,17,SMS,2026-02-12,2026-02-18,6,0.85,No,NONE,No Response,"[87, 82, 77]"
O50613,A10425,2,83,88,Installment,88,9,14,Call,2026-02-27,2026-03-02,3,0.9,Yes,Agent_Discretion,Rejected,"[88, 83, 78]"
O50614,A10426,1,65,65,Installment,65,6,18,SMS,2026-02-18,2026-03-09,19,0.8,No,NONE,Accepted,"[70, 65, 60]"
O50615,A10427,1,31,31,Lump-Sum,31,0,13,Email,2026-02-25,2026-03-15,18,0.55,No,NONE,Accepted,"[36, 31, 26]"
O50616,A10428,1,59,59,Installment,59,6,21,SMS,2026-03-27,2026-03-29,2,0.86,No,NONE,No Response,"[64, 59, 54]"
O50617,A10429,1,53,53,Installment,53,6,14,Call,2026-03-06,2026-03-21,15,0.65,No,NONE,Accepted,"[58, 53, 48]"
O50618,A10430,1,58,58,Installment,58,3,19,Call,2026-03-08,2026-03-26,18,0.87,No,NONE,Accepted,"[63, 58, 53]"
O50619,A10431,1,70,75,Installment,75,9,12,SMS,2026-02-20,2026-02-20,0,0.6,Yes,Agent_Discretion,Accepted,"[75, 70, 65]"
O50620,A10431,2,72,72,Installment,72,6,18,SMS,2026-03-06,2026-03-09,3,0.84,No,NONE,No Response,"[77, 72, 67]"
O50621,A10432,1,71,71,Installment,71,3,11,Call,2026-02-03,2026-02-16,13,0.74,No,NONE,Accepted,"[76, 71, 66]"
O50622,A10433,1,54,54,Installment,54,6,13,SMS,2026-03-22,2026-03-26,4,0.78,No,NONE,Accepted,"[59, 54, 49]"
O50623,A10433,2,50,50,Installment,50,3,14,Email,2026-01-06,2026-01-18,12,0.65,No,NONE,No Response,"[55, 50, 45]"
O50624,A10434,1,20,25,Lump-Sum,25,0,20,Call,2026-02-24,2026-02-28,4,0.82,Yes,Agent_Discretion,Accepted,"[25, 20, 15]"
O50625,A10434,2,42,42,Lump-Sum,42,0,20,Call,2026-03-21,2026-04-03,13,0.82,No,NONE,Rejected,"[47, 42, 37]"
O50626,A10435,1,45,45,Installment,45,9,17,Email,2026-01-23,2026-01-29,6,0.83,No,NONE,Accepted,"[50, 45, 40]"
O50627,A10435,2,45,45,Installment,45,9,17,Email,2026-02-21,2026-02-26,5,0.84,No,NONE,Rejected,"[50, 45, 40]"
O50628,A10436,1,81,81,Installment,81,6,10,SMS,2026-03-04,2026-03-18,14,0.73,No,NONE,Rejected,"[86, 81, 76]"
O50629,A10437,1,33,33,Lump-Sum,33,0,11,Call,2026-02-27,2026-02-28,1,0.86,No,NONE,Accepted,"[38, 33, 28]"
O50630,A10437,2,42,42,Lump-Sum,42,0,18,Call,2026-03-04,2026-03-04,0,0.8,No,NONE,Accepted,"[47, 42, 37]"
O50631,A10438,1,53,58,Installment,58,3,8,SMS,2026-02-09,2026-02-22,13,0.85,Yes,Agent_Discretion,Accepted,"[58, 53, 48]"
O50632,A10439,1,73,73,Installment,73,6,21,Call,2026-01-17,2026-02-06,20,0.81,No,NONE,Accepted,"[78, 73, 68]"
O50633,A10440,1,74,74,Installment,74,3,20,Call,2026-01-18,2026-01-27,9,0.62,No,NONE,No Response,"[79, 74, 69]"
O50634,A10440,2,68,68,Installment,68,9,19,SMS,2026-01-20,2026-02-03,14,0.66,No,NONE,Accepted,"[73, 68, 63]"
O50635,A10441,1,63,68,Installment,68,3,9,SMS,2026-01-26,2026-02-08,13,0.62,Yes,Agent_Discretion,No Response,"[68, 63, 58]"
O50636,A10442,1,56,56,Installment,56,9,8,Email,2026-02-18,2026-02-20,2,0.84,No,NONE,No Response,"[61, 56, 51]"
O50637,A10443,1,71,71,Installment,71,3,16,Call,2026-01-16,2026-01-16,0,0.57,No,NONE,Accepted,"[76, 71, 66]"
O50638,A10443,2,72,72,Installment,72,9,16,Call,2026-01-06,2026-01-21,15,0.74,No,NONE,Accepted,"[77, 72, 67]"
O50639,A10444,1,44,44,Lump-Sum,44,0,11,SMS,2026-03-04,2026-03-06,2,0.69,No,NONE,Rejected,"[49, 44, 39]"
O50640,A10445,1,61,61,Installment,61,3,21,Call,2026-02-13,2026-02-13,0,0.71,No,NONE,Accepted,"[66, 61, 56]"
O50641,A10445,2,60,65,Installment,65,3,14,Email,2026-03-07,2026-03-16,9,0.67,Yes,Agent_Discretion,Accepted,"[65, 60, 55]"
O50642,A10446,1,66,66,Installment,66,9,14,Call,2026-02-28,2026-03-13,13,0.85,No,NONE,Accepted,"[71, 66, 61]"
O50643,A10447,1,56,56,Installment,56,6,9,Email,2026-01-06,2026-01-18,12,0.76,No,NONE,Accepted,"[61, 56, 51]"
O50644,A10448,1,80,80,Installment,80,9,12,Email,2026-03-25,2026-04-14,20,0.85,No,NONE,Accepted,"[85, 80, 75]"
O50645,A10449,1,69,69,Installment,69,9,10,SMS,2026-02-06,2026-02-14,8,0.65,No,NONE,Accepted,"[74, 69, 64]"
O50646,A10450,1,75,75,Installment,75,9,21,Email,2026-03-29,2026-03-31,2,0.8,No,NONE,No Response,"[80, 75, 70]"
O50647,A10450,2,76,81,Installment,81,6,17,SMS,2026-02-03,2026-02-11,8,0.59,Yes,Agent_Discretion,Accepted,"[81, 76, 71]"
O50648,A10451,1,31,36,Lump-Sum,36,0,9,Call,2026-02-11,2026-02-23,12,0.8,Yes,Agent_Discretion,No Response,"[36, 31, 26]"
O50649,A10452,1,63,63,Installment,63,6,13,SMS,2026-03-22,2026-03-31,9,0.78,No,NONE,Rejected,"[68, 63, 58]"
O50650,A10453,1,73,73,Installment,73,6,12,SMS,2026-01-11,2026-01-31,20,0.68,No,NONE,Accepted,"[78, 73, 68]"
O50651,A10453,2,80,80,Installment,80,6,21,Email,2026-03-26,2026-04-15,20,0.86,No,NONE,Accepted,"[85, 80, 75]"
O50652,A10454,1,70,70,Installment,70,6,19,Call,2026-03-02,2026-03-13,11,0.87,No,NONE,Accepted,"[75, 70, 65]"
O50653,A10455,1,62,67,Installment,67,3,15,Call,2026-02-20,2026-03-01,9,0.76,Yes,Agent_Discretion,Accepted,"[67, 62, 57]"
O50654,A10456,1,62,67,Installment,67,6,18,Call,2026-02-26,2026-03-17,19,0.73,Yes,Agent_Discretion,Rejected,"[67, 62, 57]"
O50655,A10457,1,55,55,Installment,55,6,14,SMS,2026-02-26,2026-03-17,19,0.8,No,NONE,Accepted,"[60, 55, 50]"
O50656,A10458,1,66,66,Installment,66,6,11,Email,2026-02-02,2026-02-06,4,0.85,No,NONE,Accepted,"[71, 66, 61]"
O50657,A10458,2,82,82,Installment,82,3,21,SMS,2026-03-29,2026-04-05,7,0.58,No,NONE,Rejected,"[87, 82, 77]"
O50658,A10459,1,68,68,Installment,68,3,11,Call,2026-01-13,2026-01-20,7,0.77,No,NONE,Accepted,"[73, 68, 63]"
O50659,A10459,2,83,83,Installment,83,3,19,Call,2026-02-23,2026-03-10,15,0.57,No,NONE,Accepted,"[88, 83, 78]"
O50660,A10460,1,69,69,Installment,69,9,20,Email,2026-02-23,2026-03-07,12,0.85,No,NONE,Rejected,"[74, 69, 64]"
O50661,A10460,2,76,76,Installment,76,3,12,Call,2026-01-28,2026-02-14,17,0.79,No,NONE,Accepted,"[81, 76, 71]"
O50662,A10461,1,56,56,Installment,56,9,12,SMS,2026-02-09,2026-02-17,8,0.78,No,NONE,No Response,"[61, 56, 51]"
O50663,A10462,1,78,78,Installment,78,9,11,SMS,2026-01-07,2026-01-14,7,0.68,No,NONE,Accepted,"[83, 78, 73]"
O50664,A10462,2,76,76,Installment,76,3,20,SMS,2026-02-06,2026-02-26,20,0.89,No,NONE,Accepted,"[81, 76, 71]"
O50665,A10463,1,80,80,Installment,80,9,12,Call,2026-03-09,2026-03-16,7,0.56,No,NONE,Accepted,"[85, 80, 75]"
O50666,A10464,1,80,85,Installment,85,3,13,Call,2026-01-09,2026-01-20,11,0.77,Yes,Agent_Discretion,Accepted,"[85, 80, 75]"
O50667,A10464,2,66,66,Installment,66,6,20,Call,2026-03-18,2026-03-24,6,0.68,No,NONE,No Response,"[71, 66, 61]"
O50668,A10465,1,45,45,Installment,45,9,17,Email,2026-03-13,2026-03-17,4,0.83,No,NONE,Rejected,"[50, 45, 40]"
O50669,A10466,1,83,83,Installment,83,6,11,Email,2026-01-10,2026-01-21,11,0.77,No,NONE,Rejected,"[88, 83, 78]"
O50670,A10467,1,56,56,Installment,56,3,12,Call,2026-03-08,2026-03-16,8,0.81,No,NONE,Accepted,"[61, 56, 51]"
O50671,A10467,2,46,46,Installment,46,9,20,Call,2026-01-04,2026-01-12,8,0.81,No,NONE,Accepted,"[51, 46, 41]"
O50672,A10468,1,69,69,Installment,69,6,8,Email,2026-01-01,2026-01-07,6,0.57,No,NONE,Rejected,"[74, 69, 64]"
O50673,A10469,1,26,31,Lump-Sum,31,0,14,Call,2026-03-03,2026-03-08,5,0.58,Yes,Agent_Discretion,Accepted,"[31, 26, 21]"
O50674,A10469,2,23,23,Lump-Sum,23,0,15,Email,2026-01-02,2026-01-18,16,0.83,No,NONE,Accepted,"[28, 23, 18]"
O50675,A10470,1,60,60,Installment,60,6,16,Email,2026-02-24,2026-03-12,16,0.8,No,NONE,Accepted,"[65, 60, 55]"
O50676,A10470,2,60,60,Installment,60,9,13,SMS,2026-01-30,2026-02-02,3,0.58,No,NONE,No Response,"[65, 60, 55]"
O50677,A10471,1,61,66,Installment,66,9,19,Email,2026-03-26,2026-03-29,3,0.63,Yes,Agent_Discretion,Accepted,"[66, 61, 56]"
O50678,A10472,1,80,80,Installment,80,6,12,SMS,2026-03-20,2026-04-05,16,0.78,No,NONE,Rejected,"[85, 80, 75]"
O50679,A10473,1,48,48,Installment,48,3,19,Email,2026-02-21,2026-03-11,18,0.55,No,NONE,Accepted,"[53, 48, 43]"
O50680,A10474,1,46,46,Installment,46,3,20,Email,2026-01-10,2026-01-19,9,0.86,No,NONE,Accepted,"[51, 46, 41]"
O50681,A10475,1,83,83,Installment,83,9,21,SMS,2026-03-06,2026-03-22,16,0.82,No,NONE,Accepted,"[88, 83, 78]"
O50682,A10475,2,81,81,Installment,81,3,15,Call,2026-02-26,2026-03-17,19,0.71,No,NONE,Accepted,"[86, 81, 76]"
O50683,A10476,1,57,57,Installment,57,3,11,Call,2026-03-03,2026-03-13,10,0.64,No,NONE,Accepted,"[62, 57, 52]"
O50684,A10477,1,51,51,Installment,51,6,14,Call,2026-01-21,2026-02-05,15,0.65,No,NONE,No Response,"[56, 51, 46]"
O50685,A10477,2,62,62,Installment,62,3,8,SMS,2026-02-26,2026-03-16,18,0.57,No,NONE,Rejected,"[67, 62, 57]"
O50686,A10478,1,47,47,Installment,47,3,9,SMS,2026-02-24,2026-03-15,19,0.72,No,NONE,Rejected,"[52, 47, 42]"
O50687,A10479,1,57,57,Installment,57,3,9,Email,2026-03-14,2026-03-30,16,0.88,No,NONE,Accepted,"[62, 57, 52]"
O50688,A10480,1,74,74,Installment,74,9,9,Email,2026-03-14,2026-03-30,16,0.79,No,NONE,Rejected,"[79, 74, 69]"
O50689,A10481,1,62,62,Installment,62,9,11,SMS,2026-03-12,2026-03-28,16,0.57,No,NONE,Accepted,"[67, 62, 57]"
O50690,A10482,1,68,68,Installment,68,9,15,Call,2026-03-14,2026-03-17,3,0.65,No,NONE,Accepted,"[73, 68, 63]"
O50691,A10483,1,62,62,Installment,62,9,14,SMS,2026-03-29,2026-04-08,10,0.86,No,NONE,Accepted,"[67, 62, 57]"
O50692,A10483,2,53,53,Installment,53,6,18,Email,2026-01-24,2026-01-26,2,0.67,No,NONE,Rejected,"[58, 53, 48]"
O50693,A10484,1,77,77,Installment,77,6,9,Call,2026-02-16,2026-02-22,6,0.58,No,NONE,Rejected,"[82, 77, 72]"
O50694,A10485,1,61,61,Installment,61,6,21,Call,2026-02-13,2026-02-20,7,0.68,No,NONE,Accepted,"[66, 61, 56]"
O50695,A10485,2,50,50,Installment,50,6,15,Email,2026-01-09,2026-01-17,8,0.76,No,NONE,Rejected,"[55, 50, 45]"
O50696,A10486,1,68,68,Installment,68,6,18,Call,2026-03-05,2026-03-16,11,0.79,No,NONE,Accepted,"[73, 68, 63]"
O50697,A10487,1,50,55,Installment,55,9,16,Email,2026-03-20,2026-03-20,0,0.72,Yes,Agent_Discretion,Accepted,"[55, 50, 45]"
O50698,A10487,2,62,67,Installment,67,6,9,Call,2026-01-12,2026-01-18,6,0.73,Yes,Agent_Discretion,Rejected,"[67, 62, 57]"
O50699,A10488,1,51,51,Installment,51,6,13,SMS,2026-02-03,2026-02-08,5,0.81,No,NONE,Accepted,"[56, 51, 46]"
O50700,A10488,2,56,56,Installment,56,3,9,Email,2026-03-11,2026-03-28,17,0.88,No,NONE,Rejected,"[61, 56, 51]"
O50701,A10489,1,56,56,Installment,56,3,15,Call,2026-01-17,2026-01-23,6,0.59,No,NONE,Accepted,"[61, 56, 51]"
O50702,A10490,1,50,50,Installment,50,9,20,Email,2026-03-15,2026-03-23,8,0.6,No,NONE,No Response,"[55, 50, 45]"
O50703,A10491,1,47,47,Installment,47,6,10,Email,2026-02-09,2026-02-24,15,0.64,No,NONE,Accepted,"[52, 47, 42]"
O50704,A10491,2,57,57,Installment,57,9,13,SMS,2026-03-19,2026-03-31,12,0.61,No,NONE,Accepted,"[62, 57, 52]"
O50705,A10492,1,46,51,Installment,51,9,18,Call,2026-02-21,2026-02-22,1,0.71,Yes,Agent_Discretion,Accepted,"[51, 46, 41]"
O50706,A10492,2,47,47,Installment,47,3,11,Email,2026-02-27,2026-03-10,11,0.9,No,NONE,Accepted,"[52, 47, 42]"
O50707,A10493,1,56,56,Installment,56,3,15,Call,2026-03-15,2026-03-15,0,0.75,No,NONE,Accepted,"[61, 56, 51]"
O50708,A10493,2,47,47,Installment,47,6,14,SMS,2026-03-31,2026-04-10,10,0.75,No,NONE,Rejected,"[52, 47, 42]"
O50709,A10494,1,72,77,Installment,77,6,13,SMS,2026-03-12,2026-03-24,12,0.59,Yes,Agent_Discretion,Rejected,"[77, 72, 67]"
O50710,A10495,1,60,60,Installment,60,3,20,Email,2026-03-12,2026-03-18,6,0.61,No,NONE,Accepted,"[65, 60, 55]"
O50711,A10496,1,70,70,Installment,70,3,19,SMS,2026-03-27,2026-04-15,19,0.84,No,NONE,Rejected,"[75, 70, 65]"
O50712,A10496,2,84,84,Installment,84,6,13,Call,2026-01-05,2026-01-11,6,0.58,No,NONE,Accepted,"[89, 84, 79]"
O50713,A10497,1,54,54,Installment,54,6,14,SMS,2026-02-17,2026-02-28,11,0.59,No,NONE,Rejected,"[59, 54, 49]"
O50714,A10498,1,46,46,Installment,46,9,12,Email,2026-02-10,2026-02-25,15,0.7,No,NONE,Accepted,"[51, 46, 41]"
O50715,A10499,1,77,82,Installment,82,9,12,Email,2026-01-07,2026-01-16,9,0.68,Yes,Agent_Discretion,No Response,"[82, 77, 72]"
O50716,A10499,2,66,66,Installment,66,9,10,SMS,2026-01-26,2026-02-10,15,0.88,No,NONE,No Response,"[71, 66, 61]"
O50717,A10500,1,26,26,Lump-Sum,26,0,18,SMS,2026-01-03,2026-01-22,19,0.9,No,NONE,Accepted,"[31, 26, 21]"
O50718,A10501,1,71,71,Installment,71,9,11,Email,2026-02-15,2026-02-16,1,0.79,No,NONE,No Response,"[76, 71, 66]"
O50719,A10502,1,67,67,Installment,67,6,11,Email,2026-01-01,2026-01-11,10,0.62,No,NONE,Accepted,"[72, 67, 62]"
O50720,A10503,1,54,59,Installment,59,6,20,Email,2026-01-02,2026-01-03,1,0.77,Yes,Agent_Discretion,Accepted,"[59, 54, 49]"
O50721,A10504,1,81,81,Installment,81,6,12,Call,2026-02-18,2026-02-20,2,0.84,No,NONE,Rejected,"[86, 81, 76]"
O50722,A10505,1,56,61,Installment,61,9,8,SMS,2026-01-05,2026-01-19,14,0.6,Yes,Agent_Discretion,Rejected,"[61, 56, 51]"
O50723,A10505,2,57,57,Installment,57,3,9,Call,2026-02-24,2026-03-06,10,0.81,No,NONE,Accepted,"[62, 57, 52]"
O50724,A10506,1,50,50,Installment,50,3,12,Email,2026-01-11,2026-01-18,7,0.62,No,NONE,Accepted,"[55, 50, 45]"
O50725,A10507,1,64,64,Installment,64,3,20,SMS,2026-02-15,2026-03-04,17,0.58,No,NONE,Rejected,"[69, 64, 59]"
O50726,A10507,2,60,60,Installment,60,9,16,SMS,2026-02-06,2026-02-12,6,0.56,No,NONE,Accepted,"[65, 60, 55]"
O50727,A10508,1,33,33,Lump-Sum,33,0,17,SMS,2026-03-14,2026-03-26,12,0.81,No,NONE,Rejected,"[38, 33, 28]"
O50728,A10509,1,49,49,Installment,49,3,18,Call,2026-02-11,2026-02-14,3,0.6,No,NONE,Rejected,"[54, 49, 44]"
O50729,A10510,1,65,70,Installment,70,3,13,SMS,2026-02-11,2026-03-02,19,0.83,Yes,Agent_Discretion,Rejected,"[70, 65, 60]"
O50730,A10510,2,70,70,Installment,70,9,9,Call,2026-02-27,2026-03-16,17,0.81,No,NONE,No Response,"[75, 70, 65]"
O50731,A10511,1,45,50,Installment,50,3,21,SMS,2026-01-01,2026-01-21,20,0.61,Yes,Agent_Discretion,Rejected,"[50, 45, 40]"
O50732,A10512,1,56,61,Installment,61,9,17,Email,2026-03-18,2026-03-18,0,0.89,Yes,Agent_Discretion,Accepted,"[61, 56, 51]"
O50733,A10513,1,61,61,Installment,61,9,16,Call,2026-03-20,2026-04-04,15,0.76,No,NONE,Rejected,"[66, 61, 56]"
O50734,A10514,1,75,75,Installment,75,9,9,Call,2026-01-13,2026-01-22,9,0.65,No,NONE,Accepted,"[80, 75, 70]"
O50735,A10515,1,51,51,Installment,51,6,8,SMS,2026-01-07,2026-01-23,16,0.88,No,NONE,Accepted,"[56, 51, 46]"
O50736,A10516,1,48,48,Installment,48,3,19,Email,2026-02-05,2026-02-17,12,0.66,No,NONE,Accepted,"[53, 48, 43]"
O50737,A10516,2,60,60,Installment,60,9,13,Email,2026-03-06,2026-03-10,4,0.81,No,NONE,Rejected,"[65, 60, 55]"
O50738,A10517,1,48,48,Installment,48,6,16,Call,2026-02-22,2026-03-11,17,0.74,No,NONE,Rejected,"[53, 48, 43]"
O50739,A10518,1,51,56,Installment,56,3,19,Email,2026-01-29,2026-02-18,20,0.6,Yes,Agent_Discretion,Accepted,"[56, 51, 46]"
O50740,A10518,2,61,61,Installment,61,6,18,SMS,2026-02-17,2026-03-02,13,0.89,No,NONE,Rejected,"[66, 61, 56]"
O50741,A10519,1,64,64,Installment,64,9,12,Call,2026-02-10,2026-02-28,18,0.68,No,NONE,Rejected,"[69, 64, 59]"
O50742,A10520,1,76,76,Installment,76,6,18,SMS,2026-03-22,2026-03-31,9,0.88,No,NONE,Accepted,"[81, 76, 71]"
O50743,A10521,1,68,73,Installment,73,6,16,Email,2026-01-09,2026-01-26,17,0.66,Yes,Agent_Discretion,Rejected,"[73, 68, 63]"
O50744,A10521,2,79,79,Installment,79,3,8,Email,2026-03-23,2026-04-09,17,0.63,No,NONE,Rejected,"[84, 79, 74]"
O50745,A10522,1,54,59,Installment,59,6,17,Email,2026-02-14,2026-02-23,9,0.61,Yes,Agent_Discretion,Accepted,"[59, 54, 49]"
O50746,A10523,1,57,57,Installment,57,3,15,Call,2026-03-19,2026-03-19,0,0.83,No,NONE,Accepted,"[62, 57, 52]"
O50747,A10523,2,57,57,Installment,57,6,10,Call,2026-02-01,2026-02-01,0,0.62,No,NONE,Rejected,"[62, 57, 52]"
O50748,A10524,1,53,53,Installment,53,6,11,SMS,2026-03-03,2026-03-05,2,0.8,No,NONE,No Response,"[58, 53, 48]"
O50749,A10525,1,53,58,Installment,58,9,19,Email,2026-02-10,2026-02-21,11,0.88,Yes,Agent_Discretion,Accepted,"[58, 53, 48]"
O50750,A10526,1,74,74,Installment,74,9,16,Call,2026-02-25,2026-03-07,10,0.77,No,NONE,Accepted,"[79, 74, 69]"
O50751,A10526,2,70,70,Installment,70,9,17,SMS,2026-03-08,2026-03-20,12,0.84,No,NONE,Accepted,"[75, 70, 65]"
O50752,A10527,1,61,61,Installment,61,9,9,Call,2026-03-07,2026-03-17,10,0.6,No,NONE,Rejected,"[66, 61, 56]"
O50753,A10527,2,64,69,Installment,69,9,21,Call,2026-01-22,2026-02-11,20,0.67,Yes,Agent_Discretion,Accepted,"[69, 64, 59]"
O50754,A10528,1,46,46,Installment,46,3,10,SMS,2026-03-14,2026-04-01,18,0.67,No,NONE,Accepted,"[51, 46, 41]"
O50755,A10528,2,63,68,Installment,68,6,17,SMS,2026-02-09,2026-02-27,18,0.7,Yes,Agent_Discretion,Rejected,"[68, 63, 58]"
O50756,A10529,1,38,38,Lump-Sum,38,0,17,SMS,2026-01-16,2026-01-22,6,0.7,No,NONE,Accepted,"[43, 38, 33]"
O50757,A10530,1,69,69,Installment,69,9,14,SMS,2026-01-13,2026-01-13,0,0.72,No,NONE,Accepted,"[74, 69, 64]"
O50758,A10531,1,60,60,Installment,60,3,8,Call,2026-02-02,2026-02-17,15,0.65,No,NONE,No Response,"[65, 60, 55]"
O50759,A10531,2,62,62,Installment,62,9,16,Call,2026-03-29,2026-04-15,17,0.58,No,NONE,Accepted,"[67, 62, 57]"
O50760,A10532,1,78,78,Installment,78,9,21,Call,2026-01-06,2026-01-12,6,0.86,No,NONE,Accepted,"[83, 78, 73]"
O50761,A10533,1,57,57,Installment,57,9,18,SMS,2026-01-10,2026-01-30,20,0.61,No,NONE,Accepted,"[62, 57, 52]"
O50762,A10534,1,83,83,Installment,83,9,17,Email,2026-02-04,2026-02-09,5,0.78,No,NONE,Accepted,"[88, 83, 78]"
O50763,A10534,2,81,81,Installment,81,3,11,SMS,2026-03-23,2026-03-29,6,0.89,No,NONE,Accepted,"[86, 81, 76]"
O50764,A10535,1,65,65,Installment,65,3,16,Call,2026-03-04,2026-03-21,17,0.56,No,NONE,Accepted,"[70, 65, 60]"
O50765,A10536,1,68,68,Installment,68,3,10,Call,2026-02-27,2026-03-12,13,0.56,No,NONE,Accepted,"[73, 68, 63]"
O50766,A10537,1,80,80,Installment,80,6,15,Email,2026-03-05,2026-03-23,18,0.9,No,NONE,No Response,"[85, 80, 75]"
O50767,A10537,2,72,72,Installment,72,3,8,SMS,2026-03-08,2026-03-21,13,0.77,No,NONE,Accepted,"[77, 72, 67]"
O50768,A10538,1,42,42,Lump-Sum,42,0,18,Call,2026-03-06,2026-03-26,20,0.6,No,NONE,Accepted,"[47, 42, 37]"
O50769,A10539,1,32,32,Lump-Sum,32,0,10,Email,2026-02-09,2026-02-28,19,0.83,No,NONE,Accepted,"[37, 32, 27]"
O50770,A10540,1,49,49,Installment,49,9,18,SMS,2026-01-11,2026-01-15,4,0.68,No,NONE,No Response,"[54, 49, 44]"
O50771,A10540,2,51,51,Installment,51,9,18,Email,2026-02-06,2026-02-24,18,0.64,No,NONE,Rejected,"[56, 51, 46]"
O50772,A10541,1,46,46,Installment,46,3,12,SMS,2026-01-21,2026-01-25,4,0.8,No,NONE,Rejected,"[51, 46, 41]"
O50773,A10542,1,46,46,Installment,46,3,16,Email,2026-01-26,2026-01-31,5,0.78,No,NONE,Accepted,"[51, 46, 41]"
O50774,A10542,2,57,57,Installment,57,9,19,Call,2026-02-17,2026-03-07,18,0.58,No,NONE,Rejected,"[62, 57, 52]"
O50775,A10543,1,79,84,Installment,84,9,12,Call,2026-02-22,2026-03-13,19,0.85,Yes,Agent_Discretion,Accepted,"[84, 79, 74]"
O50776,A10544,1,80,85,Installment,85,3,17,Email,2026-03-17,2026-03-29,12,0.89,Yes,Agent_Discretion,No Response,"[85, 80, 75]"
O50777,A10544,2,80,80,Installment,80,6,14,Call,2026-01-09,2026-01-16,7,0.77,No,NONE,Accepted,"[85, 80, 75]"
O50778,A10545,1,68,73,Installment,73,3,17,Call,2026-03-10,2026-03-25,15,0.59,Yes,Agent_Discretion,No Response,"[73, 68, 63]"
O50779,A10545,2,69,69,Installment,69,6,9,SMS,2026-01-16,2026-01-18,2,0.82,No,NONE,Accepted,"[74, 69, 64]"
O50780,A10546,1,81,81,Installment,81,3,11,Call,2026-03-22,2026-04-04,13,0.85,No,NONE,Accepted,"[86, 81, 76]"
O50781,A10547,1,58,63,Installment,63,3,20,Call,2026-01-18,2026-01-26,8,0.75,Yes,Agent_Discretion,Accepted,"[63, 58, 53]"
O50782,A10548,1,69,69,Installment,69,6,17,SMS,2026-01-25,2026-01-28,3,0.59,No,NONE,Rejected,"[74, 69, 64]"
O50783,A10548,2,81,86,Installment,86,6,15,Call,2026-01-16,2026-01-18,2,0.67,Yes,Agent_Discretion,Accepted,"[86, 81, 76]"
O50784,A10549,1,48,48,Installment,48,6,15,Email,2026-02-01,2026-02-09,8,0.82,No,NONE,Accepted,"[53, 48, 43]"
O50785,A10549,2,50,50,Installment,50,3,14,SMS,2026-03-11,2026-03-17,6,0.88,No,NONE,No Response,"[55, 50, 45]"
O50786,A10550,1,57,57,Installment,57,6,17,Email,2026-01-14,2026-01-20,6,0.66,No,NONE,No Response,"[62, 57, 52]"
O50787,A10551,1,61,61,Installment,61,3,13,Email,2026-02-05,2026-02-20,15,0.68,No,NONE,No Response,"[66, 61, 56]"
O50788,A10552,1,62,62,Installment,62,6,17,Call,2026-01-09,2026-01-11,2,0.57,No,NONE,Accepted,"[67, 62, 57]"
O50789,A10553,1,75,75,Installment,75,9,18,SMS,2026-03-28,2026-04-15,18,0.62,No,NONE,No Response,"[80, 75, 70]"
O50790,A10554,1,31,36,Lump-Sum,36,0,11,Call,2026-01-15,2026-02-03,19,0.88,Yes,Agent_Discretion,Rejected,"[36, 31, 26]"
O50791,A10555,1,75,75,Installment,75,3,18,SMS,2026-03-07,2026-03-14,7,0.81,No,NONE,Accepted,"[80, 75, 70]"
O50792,A10555,2,78,78,Installment,78,9,19,Email,2026-01-09,2026-01-11,2,0.57,No,NONE,Accepted,"[83, 78, 73]"
O50793,A10556,1,71,71,Installment,71,9,10,Call,2026-01-10,2026-01-20,10,0.72,No,NONE,No Response,"[76, 71, 66]"
O50794,A10557,1,77,77,Installment,77,3,16,Email,2026-03-19,2026-03-26,7,0.75,No,NONE,Rejected,"[82, 77, 72]"
O50795,A10558,1,52,52,Installment,52,9,9,Call,2026-03-22,2026-04-01,10,0.73,No,NONE,Rejected,"[57, 52, 47]"
O50796,A10559,1,57,57,Installment,57,9,21,Call,2026-01-15,2026-01-31,16,0.56,No,NONE,Rejected,"[62, 57, 52]"
O50797,A10560,1,83,88,Installment,88,3,15,Call,2026-01-27,2026-02-13,17,0.82,Yes,Agent_Discretion,No Response,"[88, 83, 78]"
O50798,A10560,2,75,75,Installment,75,6,19,SMS,2026-01-24,2026-01-24,0,0.88,No,NONE,Rejected,"[80, 75, 70]"
O50799,A10561,1,66,66,Installment,66,3,17,Email,2026-02-04,2026-02-23,19,0.67,No,NONE,Accepted,"[71, 66, 61]"
O50800,A10562,1,54,54,Installment,54,9,11,SMS,2026-02-22,2026-03-01,7,0.59,No,NONE,Accepted,"[59, 54, 49]"
O50801,A10563,1,59,64,Installment,64,9,15,Email,2026-02-06,2026-02-07,1,0.68,Yes,Agent_Discretion,Accepted,"[64, 59, 54]"
O50802,A10564,1,82,82,Installment,82,3,14,Call,2026-03-23,2026-04-03,11,0.87,No,NONE,Rejected,"[87, 82, 77]"
O50803,A10564,2,79,79,Installment,79,9,15,Email,2026-01-20,2026-02-07,18,0.69,No,NONE,Rejected,"[84, 79, 74]"
O50804,A10565,1,46,46,Installment,46,9,9,SMS,2026-02-27,2026-03-07,8,0.61,No,NONE,Rejected,"[51, 46, 41]"
O50805,A10566,1,31,31,Lump-Sum,31,0,18,Call,2026-02-08,2026-02-22,14,0.69,No,NONE,Accepted,"[36, 31, 26]"
O50806,A10566,2,40,40,Lump-Sum,40,0,17,Email,2026-03-19,2026-03-19,0,0.85,No,NONE,Accepted,"[45, 40, 35]"
O50807,A10567,1,75,75,Installment,75,9,18,SMS,2026-03-17,2026-03-22,5,0.88,No,NONE,Rejected,"[80, 75, 70]"
O50808,A10567,2,79,84,Installment,84,9,15,SMS,2026-03-15,2026-03-16,1,0.77,Yes,Agent_Discretion,Rejected,"[84, 79, 74]"
O50809,A10568,1,72,72,Installment,72,9,11,SMS,2026-01-27,2026-01-27,0,0.71,No,NONE,Accepted,"[77, 72, 67]"
O50810,A10568,2,81,81,Installment,81,6,16,Email,2026-02-26,2026-03-07,9,0.69,No,NONE,No Response,"[86, 81, 76]"
O50811,A10569,1,84,84,Installment,84,6,21,Call,2026-03-08,2026-03-21,13,0.82,No,NONE,Accepted,"[89, 84, 79]"
O50812,A10570,1,61,61,Installment,61,9,19,Call,2026-01-08,2026-01-12,4,0.73,No,NONE,Rejected,"[66, 61, 56]"
O50813,A10571,1,79,79,Installment,79,3,19,SMS,2026-03-21,2026-03-29,8,0.8,No,NONE,Rejected,"[84, 79, 74]"
O50814,A10572,1,74,74,Installment,74,3,21,Call,2026-01-13,2026-01-13,0,0.78,No,NONE,Accepted,"[79, 74, 69]"
O50815,A10572,2,75,75,Installment,75,3,16,Email,2026-01-25,2026-02-10,16,0.69,No,NONE,Accepted,"[80, 75, 70]"
O50816,A10573,1,78,78,Installment,78,3,21,Email,2026-01-01,2026-01-04,3,0.78,No,NONE,Rejected,"[83, 78, 73]"
O50817,A10574,1,23,23,Lump-Sum,23,0,15,SMS,2026-01-07,2026-01-17,10,0.64,No,NONE,No Response,"[28, 23, 18]"
O50818,A10574,2,26,26,Lump-Sum,26,0,17,Call,2026-02-24,2026-03-02,6,0.89,No,NONE,Accepted,"[31, 26, 21]"
O50819,A10575,1,77,77,Installment,77,3,9,SMS,2026-02-05,2026-02-16,11,0.77,No,NONE,Accepted,"[82, 77, 72]"
O50820,A10576,1,79,79,Installment,79,6,19,SMS,2026-03-20,2026-03-20,0,0.67,No,NONE,No Response,"[84, 79, 74]"
O50821,A10576,2,80,80,Installment,80,9,12,SMS,2026-01-25,2026-02-06,12,0.84,No,NONE,No Response,"[85, 80, 75]"
O50822,A10577,1,69,69,Installment,69,9,14,Email,2026-02-12,2026-03-02,18,0.77,No,NONE,Rejected,"[74, 69, 64]"
O50823,A10577,2,77,77,Installment,77,3,11,Email,2026-03-27,2026-04-03,7,0.77,No,NONE,Accepted,"[82, 77, 72]"
O50824,A10578,1,78,78,Installment,78,3,8,Email,2026-01-08,2026-01-17,9,0.83,No,NONE,Rejected,"[83, 78, 73]"
O50825,A10579,1,80,80,Installment,80,6,12,SMS,2026-01-08,2026-01-13,5,0.88,No,NONE,Accepted,"[85, 80, 75]"
O50826,A10579,2,76,76,Installment,76,3,14,Call,2026-01-17,2026-01-31,14,0.86,No,NONE,Rejected,"[81, 76, 71]"
O50827,A10580,1,79,79,Installment,79,9,9,Call,2026-02-12,2026-03-03,19,0.76,No,NONE,Accepted,"[84, 79, 74]"
O50828,A10580,2,69,69,Installment,69,6,18,Call,2026-01-08,2026-01-27,19,0.86,No,NONE,Accepted,"[74, 69, 64]"
O50829,A10581,1,64,64,Installment,64,6,21,Call,2026-01-09,2026-01-24,15,0.56,No,NONE,Rejected,"[69, 64, 59]"
O50830,A10581,2,63,63,Installment,63,6,18,Call,2026-02-06,2026-02-23,17,0.72,No,NONE,Accepted,"[68, 63, 58]"
O50831,A10582,1,46,51,Installment,51,9,13,SMS,2026-03-03,2026-03-16,13,0.8,Yes,Agent_Discretion,Accepted,"[51, 46, 41]"
O50832,A10583,1,61,61,Installment,61,9,17,Email,2026-01-30,2026-02-15,16,0.83,No,NONE,Accepted,"[66, 61, 56]"
O50833,A10583,2,56,56,Installment,56,9,14,Call,2026-03-03,2026-03-19,16,0.71,No,NONE,Rejected,"[61, 56, 51]"
O50834,A10584,1,79,79,Installment,79,6,19,SMS,2026-01-17,2026-01-24,7,0.8,No,NONE,Rejected,"[84, 79, 74]"
O50835,A10585,1,83,83,Installment,83,6,11,Email,2026-01-16,2026-01-23,7,0.7,No,NONE,Rejected,"[88, 83, 78]"
O50836,A10586,1,54,54,Installment,54,3,11,SMS,2026-02-24,2026-02-24,0,0.6,No,NONE,Accepted,"[59, 54, 49]"
O50837,A10586,2,51,51,Installment,51,3,14,Call,2026-03-22,2026-03-28,6,0.84,No,NONE,Accepted,"[56, 51, 46]"
O50838,A10587,1,68,68,Installment,68,9,10,Call,2026-02-26,2026-03-10,12,0.87,No,NONE,Accepted,"[73, 68, 63]"
O50839,A10587,2,65,65,Installment,65,9,20,Call,2026-03-12,2026-03-22,10,0.85,No,NONE,Rejected,"[70, 65, 60]"
O50840,A10588,1,75,75,Installment,75,3,9,SMS,2026-03-09,2026-03-19,10,0.62,No,NONE,Accepted,"[80, 75, 70]"
O50841,A10588,2,81,81,Installment,81,6,15,SMS,2026-01-19,2026-01-25,6,0.85,No,NONE,Accepted,"[86, 81, 76]"
O50842,A10589,1,50,55,Installment,55,9,13,Email,2026-03-12,2026-03-18,6,0.86,Yes,Agent_Discretion,Accepted,"[55, 50, 45]"
O50843,A10590,1,50,50,Installment,50,3,16,SMS,2026-02-06,2026-02-12,6,0.75,No,NONE,Accepted,"[55, 50, 45]"
O50844,A10590,2,62,62,Installment,62,3,20,SMS,2026-01-11,2026-01-11,0,0.75,No,NONE,Accepted,"[67, 62, 57]"
O50845,A10591,1,78,78,Installment,78,3,11,SMS,2026-01-17,2026-01-30,13,0.86,No,NONE,Rejected,"[83, 78, 73]"
O50846,A10591,2,66,66,Installment,66,6,11,SMS,2026-01-05,2026-01-08,3,0.75,No,NONE,Accepted,"[71, 66, 61]"
O50847,A10592,1,42,42,Lump-Sum,42,0,15,SMS,2026-02-02,2026-02-15,13,0.58,No,NONE,Rejected,"[47, 42, 37]"
O50848,A10593,1,64,64,Installment,64,3,10,SMS,2026-01-08,2026-01-10,2,0.87,No,NONE,No Response,"[69, 64, 59]"
O50849,A10593,2,54,54,Installment,54,9,20,SMS,2026-02-15,2026-03-03,16,0.65,No,NONE,Accepted,"[59, 54, 49]"
O50850,A10594,1,78,78,Installment,78,6,10,Email,2026-03-04,2026-03-20,16,0.59,No,NONE,Accepted,"[83, 78, 73]"
O50851,A10595,1,36,36,Lump-Sum,36,0,18,SMS,2026-03-26,2026-04-14,19,0.73,No,NONE,Accepted,"[41, 36, 31]"
O50852,A10595,2,30,30,Lump-Sum,30,0,18,Email,2026-03-29,2026-04-09,11,0.85,No,NONE,Rejected,"[35, 30, 25]"
O50853,A10596,1,70,70,Installment,70,3,20,Email,2026-02-19,2026-02-27,8,0.73,No,NONE,Rejected,"[75, 70, 65]"
O50854,A10597,1,50,50,Installment,50,6,19,Call,2026-03-06,2026-03-19,13,0.79,No,NONE,Rejected,"[55, 50, 45]"
O50855,A10598,1,30,30,Lump-Sum,30,0,20,Call,2026-01-31,2026-01-31,0,0.88,No,NONE,Accepted,"[35, 30, 25]"
O50856,A10598,2,28,28,Lump-Sum,28,0,17,Call,2026-02-24,2026-03-04,8,0.81,No,NONE,Rejected,"[33, 28, 23]"
O50857,A10599,1,22,27,Lump-Sum,27,0,20,Call,2026-03-16,2026-03-30,14,0.62,Yes,Agent_Discretion,No Response,"[27, 22, 17]"
O50858,A10600,1,59,59,Installment,59,6,18,Call,2026-03-29,2026-03-30,1,0.6,No,NONE,Accepted,"[64, 59, 54]"
O50859,A10601,1,65,65,Installment,65,6,12,SMS,2026-01-01,2026-01-19,18,0.86,No,NONE,Rejected,"[70, 65, 60]"
O50860,A10601,2,76,76,Installment,76,6,21,SMS,2026-03-23,2026-03-23,0,0.78,No,NONE,No Response,"[81, 76, 71]"
O50861,A10602,1,77,77,Installment,77,6,21,SMS,2026-03-18,2026-03-19,1,0.63,No,NONE,No Response,"[82, 77, 72]"
O50862,A10603,1,49,49,Installment,49,6,19,SMS,2026-02-23,2026-03-01,6,0.74,No,NONE,Accepted,"[54, 49, 44]"
O50863,A10604,1,78,78,Installment,78,6,10,SMS,2026-02-11,2026-02-20,9,0.67,No,NONE,Rejected,"[83, 78, 73]"
O50864,A10604,2,66,66,Installment,66,9,16,Call,2026-03-12,2026-03-31,19,0.71,No,NONE,Rejected,"[71, 66, 61]"
O50865,A10605,1,63,63,Installment,63,3,16,Call,2026-02-09,2026-02-21,12,0.63,No,NONE,Accepted,"[68, 63, 58]"
O50866,A10605,2,51,51,Installment,51,6,14,SMS,2026-03-24,2026-04-08,15,0.76,No,NONE,No Response,"[56, 51, 46]"
O50867,A10606,1,49,54,Installment,54,3,20,SMS,2026-03-05,2026-03-12,7,0.85,Yes,Agent_Discretion,Accepted,"[54, 49, 44]"
O50868,A10606,2,62,67,Installment,67,3,11,SMS,2026-03-15,2026-03-18,3,0.88,Yes,Agent_Discretion,Accepted,"[67, 62, 57]"
O50869,A10607,1,46,46,Installment,46,3,19,Email,2026-02-27,2026-03-17,18,0.85,No,NONE,Accepted,"[51, 46, 41]"
O50870,A10608,1,73,78,Installment,78,3,12,SMS,2026-01-15,2026-01-17,2,0.59,Yes,Agent_Discretion,Accepted,"[78, 73, 68]"
O50871,A10608,2,71,71,Installment,71,6,14,Call,2026-01-25,2026-02-02,8,0.9,No,NONE,Accepted,"[76, 71, 66]"
O50872,A10609,1,63,63,Installment,63,3,21,SMS,2026-02-06,2026-02-07,1,0.75,No,NONE,Accepted,"[68, 63, 58]"
O50873,A10610,1,52,52,Installment,52,6,13,Email,2026-02-17,2026-03-09,20,0.65,No,NONE,Rejected,"[57, 52, 47]"
O50874,A10610,2,62,62,Installment,62,3,14,SMS,2026-02-08,2026-02-25,17,0.73,No,NONE,Accepted,"[67, 62, 57]"
O50875,A10611,1,74,74,Installment,74,3,9,Email,2026-02-03,2026-02-16,13,0.84,No,NONE,Accepted,"[79, 74, 69]"
O50876,A10611,2,65,70,Installment,70,9,8,Email,2026-01-05,2026-01-20,15,0.9,Yes,Agent_Discretion,Accepted,"[70, 65, 60]"
O50877,A10612,1,21,26,Lump-Sum,26,0,10,SMS,2026-01-11,2026-01-20,9,0.7,Yes,Agent_Discretion,Rejected,"[26, 21, 16]"
O50878,A10613,1,74,74,Installment,74,3,13,Call,2026-03-18,2026-04-04,17,0.57,No,NONE,Rejected,"[79, 74, 69]"
O50879,A10613,2,80,80,Installment,80,6,17,SMS,2026-02-06,2026-02-06,0,0.76,No,NONE,Rejected,"[85, 80, 75]"
O50880,A10614,1,46,46,Installment,46,6,9,Call,2026-01-22,2026-01-27,5,0.62,No,NONE,Accepted,"[51, 46, 41]"
O50881,A10614,2,56,56,Installment,56,6,20,Email,2026-03-13,2026-03-28,15,0.73,No,NONE,No Response,"[61, 56, 51]"
O50882,A10615,1,37,37,Lump-Sum,37,0,12,Email,2026-02-07,2026-02-17,10,0.89,No,NONE,No Response,"[42, 37, 32]"
O50883,A10615,2,44,44,Lump-Sum,44,0,21,Email,2026-01-26,2026-02-03,8,0.84,No,NONE,Accepted,"[49, 44, 39]"
O50884,A10616,1,70,75,Installment,75,9,8,Email,2026-03-31,2026-04-14,14,0.82,Yes,Agent_Discretion,Accepted,"[75, 70, 65]"
O50885,A10617,1,75,75,Installment,75,9,14,Call,2026-01-25,2026-02-01,7,0.63,No,NONE,No Response,"[80, 75, 70]"
O50886,A10618,1,54,54,Installment,54,3,16,Call,2026-01-23,2026-02-06,14,0.66,No,NONE,Accepted,"[59, 54, 49]"
O50887,A10618,2,57,57,Installment,57,6,9,Email,2026-03-18,2026-04-07,20,0.7,No,NONE,Accepted,"[62, 57, 52]"
O50888,A10619,1,52,52,Installment,52,3,16,Call,2026-02-06,2026-02-14,8,0.66,No,NONE,Accepted,"[57, 52, 47]"
O50889,A10620,1,55,55,Installment,55,3,10,Call,2026-01-12,2026-01-24,12,0.78,No,NONE,Accepted,"[60, 55, 50]"
O50890,A10620,2,62,62,Installment,62,3,13,Email,2026-01-14,2026-01-15,1,0.83,No,NONE,Accepted,"[67, 62, 57]"
O50891,A10621,1,63,63,Installment,63,9,19,Email,2026-01-08,2026-01-10,2,0.67,No,NONE,Accepted,"[68, 63, 58]"
O50892,A10622,1,53,53,Installment,53,3,18,Email,2026-01-21,2026-02-01,11,0.78,No,NONE,Accepted,"[58, 53, 48]"
O50893,A10622,2,64,64,Installment,64,6,21,Email,2026-01-27,2026-02-07,11,0.62,No,NONE,Rejected,"[69, 64, 59]"
O50894,A10623,1,77,77,Installment,77,3,20,Call,2026-01-04,2026-01-15,11,0.66,No,NONE,Accepted,"[82, 77, 72]"
O50895,A10623,2,83,88,Installment,88,6,19,SMS,2026-03-18,2026-03-30,12,0.68,Yes,Agent_Discretion,Rejected,"[88, 83, 78]"
O50896,A10624,1,28,28,Lump-Sum,28,0,8,SMS,2026-03-25,2026-04-08,14,0.86,No,NONE,Accepted,"[33, 28, 23]"
O50897,A10625,1,79,84,Installment,84,9,15,Email,2026-03-07,2026-03-23,16,0.71,Yes,Agent_Discretion,No Response,"[84, 79, 74]"
O50898,A10625,2,78,78,Installment,78,3,10,Call,2026-02-18,2026-02-28,10,0.69,No,NONE,No Response,"[83, 78, 73]"
O50899,A10626,1,58,58,Installment,58,9,11,Call,2026-02-14,2026-02-28,14,0.76,No,NONE,Accepted,"[63, 58, 53]"
O50900,A10626,2,56,56,Installment,56,6,15,SMS,2026-03-03,2026-03-22,19,0.79,No,NONE,Accepted,"[61, 56, 51]"
O50901,A10627,1,58,58,Installment,58,9,20,SMS,2026-02-26,2026-03-02,4,0.83,No,NONE,Accepted,"[63, 58, 53]"
O50902,A10627,2,57,57,Installment,57,6,10,Call,2026-01-15,2026-01-15,0,0.61,No,NONE,No Response,"[62, 57, 52]"
O50903,A10628,1,82,82,Installment,82,9,8,Email,2026-02-18,2026-02-24,6,0.78,No,NONE,Accepted,"[87, 82, 77]"
O50904,A10629,1,83,83,Installment,83,9,12,Email,2026-01-15,2026-01-17,2,0.63,No,NONE,Accepted,"[88, 83, 78]"
O50905,A10630,1,53,53,Installment,53,3,20,Email,2026-01-02,2026-01-22,20,0.67,No,NONE,Rejected,"[58, 53, 48]"
O50906,A10631,1,45,45,Installment,45,3,15,Email,2026-02-20,2026-02-28,8,0.72,No,NONE,Accepted,"[50, 45, 40]"
O50907,A10632,1,65,70,Installment,70,6,16,SMS,2026-01-10,2026-01-13,3,0.71,Yes,Agent_Discretion,Rejected,"[70, 65, 60]"
O50908,A10632,2,82,82,Installment,82,3,19,SMS,2026-03-04,2026-03-23,19,0.69,No,NONE,Rejected,"[87, 82, 77]"
O50909,A10633,1,47,47,Installment,47,3,8,SMS,2026-02-18,2026-03-03,13,0.71,No,NONE,Rejected,"[52, 47, 42]"
O50910,A10634,1,38,38,Lump-Sum,38,0,8,Call,2026-02-19,2026-03-06,15,0.64,No,NONE,No Response,"[43, 38, 33]"
O50911,A10635,1,60,65,Installment,65,6,20,Email,2026-02-16,2026-02-27,11,0.76,Yes,Agent_Discretion,Accepted,"[65, 60, 55]"
O50912,A10635,2,46,46,Installment,46,9,8,Email,2026-03-15,2026-03-17,2,0.77,No,NONE,Accepted,"[51, 46, 41]"
O50913,A10636,1,45,50,Installment,50,3,17,SMS,2026-03-04,2026-03-04,0,0.55,Yes,Agent_Discretion,Accepted,"[50, 45, 40]"
O50914,A10637,1,77,77,Installment,77,9,18,Call,2026-01-19,2026-01-31,12,0.66,No,NONE,Accepted,"[82, 77, 72]"
O50915,A10638,1,64,64,Installment,64,9,19,Call,2026-03-06,2026-03-22,16,0.76,No,NONE,Rejected,"[69, 64, 59]"
O50916,A10639,1,50,50,Installment,50,3,21,Email,2026-03-11,2026-03-18,7,0.76,No,NONE,Accepted,"[55, 50, 45]"
O50917,A10640,1,73,73,Installment,73,9,10,Call,2026-02-08,2026-02-12,4,0.79,No,NONE,Accepted,"[78, 73, 68]"
O50918,A10641,1,56,56,Installment,56,6,20,Email,2026-01-09,2026-01-15,6,0.87,No,NONE,Accepted,"[61, 56, 51]"
O50919,A10641,2,56,56,Installment,56,6,8,SMS,2026-02-20,2026-02-20,0,0.66,No,NONE,No Response,"[61, 56, 51]"
O50920,A10642,1,27,27,Lump-Sum,27,0,18,SMS,2026-01-23,2026-02-01,9,0.62,No,NONE,No Response,"[32, 27, 22]"
O50921,A10643,1,47,47,Installment,47,6,16,Email,2026-01-21,2026-02-09,19,0.77,No,NONE,No Response,"[52, 47, 42]"
O50922,A10643,2,57,62,Installment,62,9,8,Email,2026-02-01,2026-02-20,19,0.65,Yes,Agent_Discretion,Rejected,"[62, 57, 52]"
O50923,A10644,1,63,63,Installment,63,3,12,Call,2026-01-15,2026-01-20,5,0.57,No,NONE,No Response,"[68, 63, 58]"
O50924,A10645,1,83,83,Installment,83,6,19,Call,2026-02-22,2026-02-27,5,0.63,No,NONE,Accepted,"[88, 83, 78]"
O50925,A10646,1,83,83,Installment,83,6,15,Call,2026-03-24,2026-04-05,12,0.62,No,NONE,Accepted,"[88, 83, 78]"
O50926,A10646,2,81,81,Installment,81,6,16,Email,2026-03-02,2026-03-05,3,0.71,No,NONE,Accepted,"[86, 81, 76]"
O50927,A10647,1,70,70,Installment,70,6,8,SMS,2026-01-27,2026-02-13,17,0.83,No,NONE,No Response,"[75, 70, 65]"
O50928,A10648,1,49,49,Installment,49,6,10,Email,2026-01-08,2026-01-13,5,0.6,No,NONE,Accepted,"[54, 49, 44]"
O50929,A10649,1,53,53,Installment,53,9,11,Call,2026-01-05,2026-01-11,6,0.88,No,NONE,No Response,"[58, 53, 48]"
O50930,A10650,1,77,77,Installment,77,9,18,SMS,2026-02-07,2026-02-15,8,0.8,No,NONE,No Response,"[82, 77, 72]"
O50931,A10650,2,79,79,Installment,79,3,17,Call,2026-01-13,2026-01-23,10,0.64,No,NONE,No Response,"[84, 79, 74]"
O50932,A10651,1,61,61,Installment,61,3,20,Email,2026-01-18,2026-01-28,10,0.57,No,NONE,Accepted,"[66, 61, 56]"
O50933,A10652,1,67,67,Installment,67,6,15,Call,2026-01-14,2026-01-28,14,0.87,No,NONE,Accepted,"[72, 67, 62]"
O50934,A10653,1,69,74,Installment,74,6,8,SMS,2026-02-08,2026-02-22,14,0.7,Yes,Agent_Discretion,Rejected,"[74, 69, 64]"
O50935,A10654,1,55,55,Installment,55,9,17,SMS,2026-03-03,2026-03-19,16,0.71,No,NONE,Accepted,"[60, 55, 50]"
O50936,A10654,2,50,50,Installment,50,6,15,Email,2026-03-11,2026-03-23,12,0.58,No,NONE,Accepted,"[55, 50, 45]"
O50937,A10655,1,33,33,Lump-Sum,33,0,9,Email,2026-03-10,2026-03-13,3,0.56,No,NONE,Accepted,"[38, 33, 28]"
O50938,A10656,1,57,57,Installment,57,3,17,SMS,2026-02-02,2026-02-07,5,0.6,No,NONE,Rejected,"[62, 57, 52]"
O50939,A10656,2,53,53,Installment,53,3,15,SMS,2026-02-18,2026-03-05,15,0.67,No,NONE,No Response,"[58, 53, 48]"
O50940,A10657,1,45,45,Installment,45,6,10,SMS,2026-02-01,2026-02-10,9,0.78,No,NONE,Accepted,"[50, 45, 40]"
O50941,A10658,1,73,73,Installment,73,3,8,SMS,2026-03-01,2026-03-14,13,0.56,No,NONE,No Response,"[78, 73, 68]"
O50942,A10658,2,67,67,Installment,67,3,9,SMS,2026-02-19,2026-02-22,3,0.89,No,NONE,Accepted,"[72, 67, 62]"
O50943,A10659,1,64,69,Installment,69,6,9,SMS,2026-03-05,2026-03-20,15,0.66,Yes,Agent_Discretion,No Response,"[69, 64, 59]"
O50944,A10660,1,79,84,Installment,84,3,17,Email,2026-01-27,2026-02-05,9,0.62,Yes,Agent_Discretion,Rejected,"[84, 79, 74]"
O50945,A10661,1,53,53,Installment,53,3,17,Email,2026-02-22,2026-03-07,13,0.87,No,NONE,Accepted,"[58, 53, 48]"
O50946,A10662,1,75,75,Installment,75,3,18,Call,2026-02-05,2026-02-21,16,0.59,No,NONE,Rejected,"[80, 75, 70]"
O50947,A10662,2,75,75,Installment,75,6,8,Email,2026-01-27,2026-01-31,4,0.72,No,NONE,Accepted,"[80, 75, 70]"
O50948,A10663,1,48,48,Installment,48,6,13,Email,2026-03-22,2026-04-03,12,0.86,No,NONE,Rejected,"[53, 48, 43]"
O50949,A10664,1,23,23,Lump-Sum,23,0,15,Call,2026-03-07,2026-03-23,16,0.6,No,NONE,No Response,"[28, 23, 18]"
O50950,A10665,1,80,80,Installment,80,9,21,Call,2026-01-02,2026-01-11,9,0.65,No,NONE,Accepted,"[85, 80, 75]"
O50951,A10666,1,39,39,Lump-Sum,39,0,10,SMS,2026-01-07,2026-01-15,8,0.73,No,NONE,Rejected,"[44, 39, 34]"
O50952,A10667,1,66,66,Installment,66,6,18,SMS,2026-03-16,2026-03-16,0,0.67,No,NONE,Rejected,"[71, 66, 61]"
O50953,A10667,2,80,80,Installment,80,3,18,Email,2026-02-16,2026-03-01,13,0.6,No,NONE,Accepted,"[85, 80, 75]"
O50954,A10668,1,73,78,Installment,78,9,11,Email,2026-01-12,2026-01-16,4,0.78,Yes,Agent_Discretion,No Response,"[78, 73, 68]"
O50955,A10668,2,81,86,Installment,86,3,12,Email,2026-03-09,2026-03-21,12,0.72,Yes,Agent_Discretion,Accepted,"[86, 81, 76]"
O50956,A10669,1,81,86,Installment,86,9,12,Call,2026-01-10,2026-01-17,7,0.78,Yes,Agent_Discretion,Accepted,"[86, 81, 76]"
O50957,A10670,1,59,64,Installment,64,9,17,Email,2026-03-08,2026-03-17,9,0.65,Yes,Agent_Discretion,Accepted,"[64, 59, 54]"
O50958,A10671,1,76,76,Installment,76,9,20,SMS,2026-03-08,2026-03-12,4,0.65,No,NONE,Accepted,"[81, 76, 71]"
O50959,A10672,1,68,68,Installment,68,9,14,SMS,2026-02-02,2026-02-17,15,0.82,No,NONE,Accepted,"[73, 68, 63]"
O50960,A10672,2,69,74,Installment,74,6,10,Call,2026-03-26,2026-04-03,8,0.76,Yes,Agent_Discretion,No Response,"[74, 69, 64]"
O50961,A10673,1,47,47,Installment,47,6,8,Call,2026-03-02,2026-03-20,18,0.68,No,NONE,No Response,"[52, 47, 42]"
O50962,A10673,2,58,58,Installment,58,3,19,Email,2026-03-18,2026-03-23,5,0.84,No,NONE,Rejected,"[63, 58, 53]"
O50963,A10674,1,49,54,Installment,54,6,8,SMS,2026-03-21,2026-04-05,15,0.85,Yes,Agent_Discretion,Accepted,"[54, 49, 44]"
O50964,A10675,1,57,57,Installment,57,3,19,Email,2026-02-21,2026-02-22,1,0.72,No,NONE,Accepted,"[62, 57, 52]"
O50965,A10676,1,65,65,Installment,65,9,13,SMS,2026-03-08,2026-03-14,6,0.67,No,NONE,Rejected,"[70, 65, 60]"
O50966,A10676,2,82,82,Installment,82,3,12,SMS,2026-02-22,2026-02-28,6,0.62,No,NONE,Rejected,"[87, 82, 77]"
O50967,A10677,1,66,66,Installment,66,6,17,Call,2026-03-10,2026-03-15,5,0.79,No,NONE,Accepted,"[71, 66, 61]"
O50968,A10678,1,65,65,Installment,65,3,20,Email,2026-01-20,2026-02-04,15,0.89,No,NONE,Rejected,"[70, 65, 60]"
O50969,A10678,2,82,82,Installment,82,3,17,SMS,2026-02-11,2026-02-22,11,0.57,No,NONE,Accepted,"[87, 82, 77]"
O50970,A10679,1,38,38,Lump-Sum,38,0,9,SMS,2026-03-19,2026-03-21,2,0.65,No,NONE,Rejected,"[43, 38, 33]"
O50971,A10680,1,60,65,Installment,65,6,18,SMS,2026-01-19,2026-02-02,14,0.84,Yes,Agent_Discretion,Rejected,"[65, 60, 55]"
O50972,A10681,1,84,84,Installment,84,6,10,Call,2026-01-09,2026-01-09,0,0.7,No,NONE,Rejected,"[89, 84, 79]"
O50973,A10681,2,70,70,Installment,70,6,11,Email,2026-03-30,2026-04-04,5,0.59,No,NONE,Rejected,"[75, 70, 65]"
O50974,A10682,1,52,52,Installment,52,3,8,Email,2026-02-06,2026-02-18,12,0.73,No,NONE,Accepted,"[57, 52, 47]"
O50975,A10683,1,58,58,Installment,58,9,14,SMS,2026-03-12,2026-03-12,0,0.86,No,NONE,No Response,"[63, 58, 53]"
O50976,A10683,2,50,50,Installment,50,6,8,Call,2026-01-19,2026-02-07,19,0.65,No,NONE,Accepted,"[55, 50, 45]"
O50977,A10684,1,55,55,Installment,55,9,12,Call,2026-02-21,2026-02-21,0,0.55,No,NONE,Accepted,"[60, 55, 50]"
O50978,A10685,1,57,57,Installment,57,3,19,Call,2026-01-18,2026-01-18,0,0.88,No,NONE,Accepted,"[62, 57, 52]"
O50979,A10686,1,36,41,Lump-Sum,41,0,10,Call,2026-03-24,2026-03-31,7,0.9,Yes,Agent_Discretion,Accepted,"[41, 36, 31]"
O50980,A10686,2,27,27,Lump-Sum,27,0,8,Email,2026-02-19,2026-03-11,20,0.66,No,NONE,Rejected,"[32, 27, 22]"
O50981,A10687,1,60,60,Installment,60,6,18,SMS,2026-02-10,2026-02-16,6,0.61,No,NONE,No Response,"[65, 60, 55]"
O50982,A10688,1,80,80,Installment,80,3,12,Email,2026-01-16,2026-01-27,11,0.7,No,NONE,No Response,"[85, 80, 75]"
O50983,A10689,1,53,53,Installment,53,3,16,Call,2026-02-02,2026-02-19,17,0.87,No,NONE,Rejected,"[58, 53, 48]"
O50984,A10690,1,81,81,Installment,81,3,21,Email,2026-02-15,2026-02-17,2,0.57,No,NONE,Accepted,"[86, 81, 76]"
O50985,A10691,1,54,54,Installment,54,6,14,SMS,2026-01-16,2026-01-24,8,0.61,No,NONE,Rejected,"[59, 54, 49]"
O50986,A10691,2,48,48,Installment,48,6,12,Email,2026-02-21,2026-02-22,1,0.58,No,NONE,Rejected,"[53, 48, 43]"
O50987,A10692,1,81,81,Installment,81,9,21,Email,2026-03-18,2026-03-26,8,0.8,No,NONE,Rejected,"[86, 81, 76]"
O50988,A10692,2,69,69,Installment,69,3,10,SMS,2026-03-14,2026-03-19,5,0.79,No,NONE,No Response,"[74, 69, 64]"
O50989,A10693,1,77,77,Installment,77,9,9,Call,2026-02-16,2026-03-01,13,0.88,No,NONE,Accepted,"[82, 77, 72]"
O50990,A10694,1,45,50,Installment,50,9,11,Email,2026-01-03,2026-01-05,2,0.74,Yes,Agent_Discretion,Rejected,"[50, 45, 40]"
O50991,A10695,1,82,82,Installment,82,3,20,Call,2026-03-01,2026-03-06,5,0.81,No,NONE,Accepted,"[87, 82, 77]"
O50992,A10696,1,75,75,Installment,75,9,20,Call,2026-02-10,2026-02-20,10,0.86,No,NONE,Accepted,"[80, 75, 70]"
O50993,A10696,2,77,77,Installment,77,9,11,Email,2026-03-19,2026-04-01,13,0.74,No,NONE,Rejected,"[82, 77, 72]"
O50994,A10697,1,73,78,Installment,78,6,17,Email,2026-03-19,2026-04-01,13,0.88,Yes,Agent_Discretion,Accepted,"[78, 73, 68]"
O50995,A10698,1,57,57,Installment,57,9,8,Call,2026-02-20,2026-03-09,17,0.75,No,NONE,No Response,"[62, 57, 52]"
O50996,A10698,2,50,55,Installment,55,9,10,Email,2026-03-16,2026-04-01,16,0.83,Yes,Agent_Discretion,Accepted,"[55, 50, 45]"
O50997,A10699,1,53,53,Installment,53,3,12,Call,2026-03-21,2026-03-26,5,0.62,No,NONE,Rejected,"[58, 53, 48]"
O50998,A10699,2,58,58,Installment,58,6,15,Email,2026-02-13,2026-02-17,4,0.71,No,NONE,Rejected,"[63, 58, 53]"
O50999,A10700,1,56,61,Installment,61,3,19,SMS,2026-02-11,2026-02-11,0,0.84,Yes,Agent_Discretion,No Response,"[61, 56, 51]"
O51000,A10701,1,74,74,Installment,74,6,9,Email,2026-03-27,2026-04-13,17,0.58,No,NONE,Rejected,"[79, 74, 69]"
O51001,A10702,1,51,51,Installment,51,3,20,Email,2026-02-01,2026-02-19,18,0.67,No,NONE,Accepted,"[56, 51, 46]"
O51002,A10702,2,45,45,Installment,45,9,17,Email,2026-01-05,2026-01-07,2,0.77,No,NONE,Rejected,"[50, 45, 40]"
O51003,A10703,1,74,74,Installment,74,3,19,Email,2026-03-13,2026-03-16,3,0.88,No,NONE,Accepted,"[79, 74, 69]"
O51004,A10704,1,41,41,Lump-Sum,41,0,18,Email,2026-01-21,2026-01-21,0,0.64,No,NONE,No Response,"[46, 41, 36]"
O51005,A10705,1,64,64,Installment,64,6,14,SMS,2026-01-28,2026-02-02,5,0.63,No,NONE,Accepted,"[69, 64, 59]"
O51006,A10705,2,60,60,Installment,60,6,20,Email,2026-03-10,2026-03-18,8,0.59,No,NONE,Accepted,"[65, 60, 55]"
O51007,A10706,1,82,82,Installment,82,3,10,Call,2026-01-26,2026-02-01,6,0.7,No,NONE,Accepted,"[87, 82, 77]"
O51008,A10706,2,69,69,Installment,69,9,20,Email,2026-01-02,2026-01-02,0,0.75,No,NONE,Accepted,"[74, 69, 64]"
O51009,A10707,1,71,71,Installment,71,9,21,Email,2026-02-23,2026-03-15,20,0.61,No,NONE,Accepted,"[76, 71, 66]"
O51010,A10708,1,80,80,Installment,80,3,8,Email,2026-01-04,2026-01-09,5,0.76,No,NONE,Rejected,"[85, 80, 75]"
O51011,A10709,1,58,58,Installment,58,9,18,Call,2026-02-04,2026-02-16,12,0.79,No,NONE,Rejected,"[63, 58, 53]"
O51012,A10710,1,60,65,Installment,65,3,21,Call,2026-02-14,2026-02-17,3,0.79,Yes,Agent_Discretion,Rejected,"[65, 60, 55]"
O51013,A10711,1,75,75,Installment,75,3,18,Email,2026-02-24,2026-03-08,12,0.69,No,NONE,Accepted,"[80, 75, 70]"
O51014,A10712,1,56,56,Installment,56,6,9,Call,2026-02-01,2026-02-12,11,0.89,No,NONE,Accepted,"[61, 56, 51]"
O51015,A10713,1,55,55,Installment,55,3,9,Email,2026-02-09,2026-02-11,2,0.74,No,NONE,Rejected,"[60, 55, 50]"
O51016,A10714,1,68,68,Installment,68,6,18,Call,2026-01-06,2026-01-11,5,0.74,No,NONE,No Response,"[73, 68, 63]"
O51017,A10715,1,47,47,Installment,47,3,21,SMS,2026-01-18,2026-02-01,14,0.73,No,NONE,Rejected,"[52, 47, 42]"
O51018,A10716,1,47,47,Installment,47,9,12,Email,2026-01-09,2026-01-20,11,0.75,No,NONE,Accepted,"[52, 47, 42]"
O51019,A10717,1,32,32,Lump-Sum,32,0,20,SMS,2026-03-06,2026-03-24,18,0.83,No,NONE,Accepted,"[37, 32, 27]"
O51020,A10718,1,43,43,Lump-Sum,43,0,8,Email,2026-03-08,2026-03-22,14,0.55,No,NONE,Accepted,"[48, 43, 38]"
O51021,A10718,2,42,42,Lump-Sum,42,0,13,Email,2026-03-12,2026-03-23,11,0.88,No,NONE,Accepted,"[47, 42, 37]"
O51022,A10719,1,59,64,Installment,64,3,14,SMS,2026-03-25,2026-04-07,13,0.89,Yes,Agent_Discretion,Accepted,"[64, 59, 54]"
O51023,A10719,2,45,45,Installment,45,9,15,Email,2026-03-18,2026-03-23,5,0.75,No,NONE,Rejected,"[50, 45, 40]"
O51024,A10720,1,81,81,Installment,81,6,17,Email,2026-02-14,2026-02-25,11,0.78,No,NONE,Accepted,"[86, 81, 76]"
O51025,A10721,1,59,59,Installment,59,6,9,Email,2026-02-07,2026-02-09,2,0.84,No,NONE,Accepted,"[64, 59, 54]"
O51026,A10722,1,71,71,Installment,71,9,11,SMS,2026-01-24,2026-02-12,19,0.59,No,NONE,Accepted,"[76, 71, 66]"
O51027,A10723,1,83,83,Installment,83,9,17,Email,2026-02-22,2026-02-24,2,0.87,No,NONE,Accepted,"[88, 83, 78]"
O51028,A10723,2,73,73,Installment,73,6,12,SMS,2026-03-18,2026-04-01,14,0.81,No,NONE,Accepted,"[78, 73, 68]"
O51029,A10724,1,74,74,Installment,74,3,16,Call,2026-02-04,2026-02-11,7,0.63,No,NONE,Accepted,"[79, 74, 69]"
O51030,A10725,1,73,73,Installment,73,9,11,Email,2026-01-03,2026-01-18,15,0.87,No,NONE,Accepted,"[78, 73, 68]"
O51031,A10726,1,74,74,Installment,74,3,9,Email,2026-01-17,2026-02-05,19,0.56,No,NONE,Rejected,"[79, 74, 69]"
O51032,A10726,2,68,68,Installment,68,6,14,Call,2026-02-04,2026-02-15,11,0.83,No,NONE,Accepted,"[73, 68, 63]"
O51033,A10727,1,29,29,Lump-Sum,29,0,17,SMS,2026-01-03,2026-01-22,19,0.71,No,NONE,Rejected,"[34, 29, 24]"
O51034,A10727,2,21,21,Lump-Sum,21,0,14,Call,2026-03-02,2026-03-09,7,0.57,No,NONE,Rejected,"[26, 21, 16]"
O51035,A10728,1,78,78,Installment,78,6,17,Email,2026-03-29,2026-04-12,14,0.89,No,NONE,No Response,"[83, 78, 73]"
O51036,A10729,1,82,82,Installment,82,9,10,SMS,2026-02-02,2026-02-06,4,0.85,No,NONE,Accepted,"[87, 82, 77]"
O51037,A10730,1,56,56,Installment,56,6,15,SMS,2026-01-01,2026-01-19,18,0.72,No,NONE,Rejected,"[61, 56, 51]"
O51038,A10731,1,64,64,Installment,64,3,15,SMS,2026-02-16,2026-03-08,20,0.55,No,NONE,Accepted,"[69, 64, 59]"
O51039,A10731,2,60,60,Installment,60,9,9,SMS,2026-03-28,2026-03-29,1,0.81,No,NONE,Rejected,"[65, 60, 55]"
O51040,A10732,1,66,66,Installment,66,6,20,SMS,2026-01-10,2026-01-24,14,0.66,No,NONE,Accepted,"[71, 66, 61]"
O51041,A10732,2,73,73,Installment,73,9,8,Email,2026-03-14,2026-03-29,15,0.81,No,NONE,Accepted,"[78, 73, 68]"
O51042,A10733,1,57,57,Installment,57,3,10,Call,2026-01-06,2026-01-16,10,0.62,No,NONE,Accepted,"[62, 57, 52]"
O51043,A10733,2,45,45,Installment,45,6,16,Email,2026-03-31,2026-04-11,11,0.83,No,NONE,Rejected,"[50, 45, 40]"
O51044,A10734,1,68,68,Installment,68,6,13,Email,2026-02-19,2026-03-04,13,0.56,No,NONE,Accepted,"[73, 68, 63]"
O51045,A10735,1,66,66,Installment,66,6,16,Call,2026-01-19,2026-02-03,15,0.9,No,NONE,Rejected,"[71, 66, 61]"
O51046,A10736,1,48,48,Installment,48,9,17,SMS,2026-01-30,2026-02-11,12,0.85,No,NONE,Accepted,"[53, 48, 43]"
O51047,A10736,2,53,53,Installment,53,6,12,Email,2026-01-05,2026-01-09,4,0.69,No,NONE,No Response,"[58, 53, 48]"
O51048,A10737,1,54,54,Installment,54,6,13,Call,2026-03-02,2026-03-20,18,0.88,No,NONE,Accepted,"[59, 54, 49]"
O51049,A10738,1,59,59,Installment,59,3,11,Email,2026-02-20,2026-03-09,17,0.88,No,NONE,Rejected,"[64, 59, 54]"
O51050,A10739,1,54,54,Installment,54,6,18,SMS,2026-03-11,2026-03-21,10,0.72,No,NONE,Accepted,"[59, 54, 49]"
O51051,A10740,1,81,81,Installment,81,6,10,SMS,2026-02-23,2026-03-13,18,0.62,No,NONE,Rejected,"[86, 81, 76]"
O51052,A10740,2,82,82,Installment,82,3,15,SMS,2026-01-19,2026-01-24,5,0.81,No,NONE,Accepted,"[87, 82, 77]"
O51053,A10741,1,55,60,Installment,60,3,15,Email,2026-01-10,2026-01-21,11,0.62,Yes,Agent_Discretion,Accepted,"[60, 55, 50]"
O51054,A10742,1,50,50,Installment,50,6,17,SMS,2026-02-06,2026-02-23,17,0.67,No,NONE,Rejected,"[55, 50, 45]"
O51055,A10743,1,80,85,Installment,85,3,9,SMS,2026-01-06,2026-01-08,2,0.68,Yes,Agent_Discretion,Rejected,"[85, 80, 75]"
O51056,A10744,1,65,70,Installment,70,6,11,Email,2026-02-03,2026-02-09,6,0.82,Yes,Agent_Discretion,Accepted,"[70, 65, 60]"
O51057,A10745,1,36,36,Lump-Sum,36,0,10,Call,2026-01-26,2026-02-10,15,0.89,No,NONE,Rejected,"[41, 36, 31]"
O51058,A10746,1,46,51,Installment,51,3,17,Email,2026-02-04,2026-02-18,14,0.75,Yes,Agent_Discretion,No Response,"[51, 46, 41]"
O51059,A10746,2,59,59,Installment,59,9,15,SMS,2026-01-06,2026-01-25,19,0.73,No,NONE,Accepted,"[64, 59, 54]"
O51060,A10747,1,40,40,Lump-Sum,40,0,13,Call,2026-03-10,2026-03-13,3,0.55,No,NONE,Accepted,"[45, 40, 35]"
O51061,A10748,1,66,66,Installment,66,3,10,SMS,2026-02-23,2026-03-09,14,0.78,No,NONE,Accepted,"[71, 66, 61]"
O51062,A10748,2,67,67,Installment,67,6,11,SMS,2026-01-28,2026-02-14,17,0.9,No,NONE,Accepted,"[72, 67, 62]"
O51063,A10749,1,71,71,Installment,71,9,19,Email,2026-02-25,2026-03-08,11,0.55,No,NONE,Rejected,"[76, 71, 66]"
O51064,A10750,1,80,80,Installment,80,9,14,SMS,2026-02-23,2026-03-08,13,0.76,No,NONE,Accepted,"[85, 80, 75]"
O51065,A10751,1,63,68,Installment,68,3,8,Call,2026-01-17,2026-01-25,8,0.67,Yes,Agent_Discretion,No Response,"[68, 63, 58]"
O51066,A10751,2,60,60,Installment,60,9,18,SMS,2026-01-06,2026-01-23,17,0.7,No,NONE,Accepted,"[65, 60, 55]"
O51067,A10752,1,74,74,Installment,74,3,20,Call,2026-02-05,2026-02-09,4,0.77,No,NONE,Rejected,"[79, 74, 69]"
O51068,A10753,1,73,78,Installment,78,3,19,SMS,2026-01-09,2026-01-23,14,0.62,Yes,Agent_Discretion,Accepted,"[78, 73, 68]"
O51069,A10754,1,38,38,Lump-Sum,38,0,17,SMS,2026-02-11,2026-02-28,17,0.85,No,NONE,No Response,"[43, 38, 33]"
O51070,A10755,1,67,67,Installment,67,9,18,Email,2026-02-27,2026-03-10,11,0.61,No,NONE,Accepted,"[72, 67, 62]"
O51071,A10755,2,73,73,Installment,73,3,11,Email,2026-03-24,2026-04-13,20,0.59,No,NONE,Accepted,"[78, 73, 68]"
O51072,A10756,1,57,57,Installment,57,9,8,Call,2026-03-02,2026-03-05,3,0.76,No,NONE,Rejected,"[62, 57, 52]"
O51073,A10757,1,57,57,Installment,57,3,13,Email,2026-03-31,2026-04-20,20,0.58,No,NONE,Accepted,"[62, 57, 52]"
O51074,A10758,1,64,64,Installment,64,6,10,Email,2026-03-22,2026-04-02,11,0.86,No,NONE,Accepted,"[69, 64, 59]"
O51075,A10758,2,60,60,Installment,60,3,11,Call,2026-01-06,2026-01-10,4,0.78,No,NONE,No Response,"[65, 60, 55]"
O51076,A10759,1,26,31,Lump-Sum,31,0,21,SMS,2026-03-06,2026-03-25,19,0.81,Yes,Agent_Discretion,Rejected,"[31, 26, 21]"
O51077,A10759,2,21,21,Lump-Sum,21,0,14,Email,2026-01-27,2026-01-29,2,0.73,No,NONE,Accepted,"[26, 21, 16]"
O51078,A10760,1,76,76,Installment,76,3,16,Email,2026-01-31,2026-02-11,11,0.88,No,NONE,Rejected,"[81, 76, 71]"
O51079,A10760,2,83,83,Installment,83,9,11,Call,2026-01-09,2026-01-24,15,0.68,No,NONE,Accepted,"[88, 83, 78]"
O51080,A10761,1,49,49,Installment,49,3,17,Call,2026-02-11,2026-02-23,12,0.71,No,NONE,Accepted,"[54, 49, 44]"
O51081,A10761,2,51,51,Installment,51,6,18,SMS,2026-01-18,2026-01-29,11,0.67,No,NONE,No Response,"[56, 51, 46]"
O51082,A10762,1,39,39,Lump-Sum,39,0,16,Email,2026-01-08,2026-01-18,10,0.68,No,NONE,Accepted,"[44, 39, 34]"
O51083,A10762,2,34,34,Lump-Sum,34,0,15,Email,2026-02-27,2026-03-02,3,0.79,No,NONE,Accepted,"[39, 34, 29]"
O51084,A10763,1,77,77,Installment,77,3,15,Call,2026-01-11,2026-01-31,20,0.62,No,NONE,Accepted,"[82, 77, 72]"
O51085,A10763,2,84,84,Installment,84,3,16,SMS,2026-03-03,2026-03-23,20,0.64,No,NONE,Rejected,"[89, 84, 79]"
O51086,A10764,1,58,58,Installment,58,6,14,Email,2026-01-14,2026-01-14,0,0.59,No,NONE,Rejected,"[63, 58, 53]"
O51087,A10765,1,53,53,Installment,53,3,15,SMS,2026-01-15,2026-01-17,2,0.89,No,NONE,No Response,"[58, 53, 48]"
O51088,A10766,1,58,58,Installment,58,9,18,Email,2026-02-22,2026-02-28,6,0.65,No,NONE,Accepted,"[63, 58, 53]"
O51089,A10767,1,62,67,Installment,67,9,20,Call,2026-01-20,2026-02-01,12,0.58,Yes,Agent_Discretion,Rejected,"[67, 62, 57]"
O51090,A10768,1,59,59,Installment,59,3,15,Email,2026-02-14,2026-02-26,12,0.66,No,NONE,Accepted,"[64, 59, 54]"
O51091,A10768,2,49,54,Installment,54,3,15,SMS,2026-03-19,2026-03-30,11,0.71,Yes,Agent_Discretion,No Response,"[54, 49, 44]"
O51092,A10769,1,64,64,Installment,64,3,14,SMS,2026-03-29,2026-04-18,20,0.66,No,NONE,Accepted,"[69, 64, 59]"
O51093,A10770,1,80,80,Installment,80,3,8,SMS,2026-02-28,2026-03-05,5,0.68,No,NONE,No Response,"[85, 80, 75]"
O51094,A10771,1,63,63,Installment,63,6,14,SMS,2026-02-25,2026-03-03,6,0.6,No,NONE,Accepted,"[68, 63, 58]"
O51095,A10771,2,62,62,Installment,62,3,10,Call,2026-01-15,2026-01-19,4,0.83,No,NONE,Rejected,"[67, 62, 57]"
O51096,A10772,1,74,79,Installment,79,3,12,SMS,2026-03-14,2026-03-17,3,0.87,Yes,Agent_Discretion,Accepted,"[79, 74, 69]"
O51097,A10773,1,28,28,Lump-Sum,28,0,19,SMS,2026-02-11,2026-02-25,14,0.65,No,NONE,No Response,"[33, 28, 23]"
O51098,A10774,1,65,65,Installment,65,6,15,Email,2026-03-10,2026-03-15,5,0.76,No,NONE,Accepted,"[70, 65, 60]"
O51099,A10774,2,80,80,Installment,80,3,19,Email,2026-02-15,2026-02-26,11,0.89,No,NONE,Accepted,"[85, 80, 75]"
O51100,A10775,1,79,79,Installment,79,6,11,Email,2026-03-21,2026-04-04,14,0.64,No,NONE,Rejected,"[84, 79, 74]"
O51101,A10776,1,53,53,Installment,53,9,14,SMS,2026-02-21,2026-03-03,10,0.87,No,NONE,No Response,"[58, 53, 48]"
O51102,A10777,1,53,53,Installment,53,9,9,Call,2026-02-10,2026-02-13,3,0.85,No,NONE,Accepted,"[58, 53, 48]"
O51103,A10778,1,62,62,Installment,62,6,9,Email,2026-01-09,2026-01-28,19,0.66,No,NONE,Accepted,"[67, 62, 57]"
O51104,A10778,2,61,61,Installment,61,3,16,SMS,2026-02-24,2026-02-25,1,0.74,No,NONE,Accepted,"[66, 61, 56]"
O51105,A10779,1,25,25,Lump-Sum,25,0,18,SMS,2026-01-31,2026-02-12,12,0.74,No,NONE,Accepted,"[30, 25, 20]"
O51106,A10780,1,65,65,Installment,65,9,17,Email,2026-01-26,2026-02-15,20,0.84,No,NONE,No Response,"[70, 65, 60]"
O51107,A10781,1,79,84,Installment,84,3,14,SMS,2026-02-25,2026-03-06,9,0.7,Yes,Agent_Discretion,Rejected,"[84, 79, 74]"
O51108,A10782,1,78,78,Installment,78,6,12,SMS,2026-01-12,2026-01-26,14,0.9,No,NONE,Accepted,"[83, 78, 73]"
O51109,A10782,2,67,67,Installment,67,3,16,Call,2026-02-21,2026-02-22,1,0.65,No,NONE,Rejected,"[72, 67, 62]"
O51110,A10783,1,65,65,Installment,65,9,10,Call,2026-02-04,2026-02-14,10,0.73,No,NONE,No Response,"[70, 65, 60]"
O51111,A10783,2,77,77,Installment,77,3,16,SMS,2026-01-04,2026-01-16,12,0.71,No,NONE,Accepted,"[82, 77, 72]"
O51112,A10784,1,76,76,Installment,76,6,19,Call,2026-02-13,2026-03-03,18,0.59,No,NONE,Accepted,"[81, 76, 71]"
O51113,A10785,1,84,84,Installment,84,3,9,Email,2026-01-16,2026-01-25,9,0.89,No,NONE,Accepted,"[89, 84, 79]"
O51114,A10786,1,63,63,Installment,63,6,20,Email,2026-01-10,2026-01-12,2,0.78,No,NONE,Accepted,"[68, 63, 58]"
O51115,A10786,2,63,63,Installment,63,9,9,Email,2026-01-10,2026-01-24,14,0.57,No,NONE,Accepted,"[68, 63, 58]"
O51116,A10787,1,81,81,Installment,81,3,20,Email,2026-03-28,2026-04-16,19,0.61,No,NONE,Rejected,"[86, 81, 76]"
O51117,A10788,1,63,63,Installment,63,9,9,SMS,2026-03-27,2026-03-31,4,0.7,No,NONE,Rejected,"[68, 63, 58]"
O51118,A10789,1,74,79,Installment,79,9,19,Email,2026-03-31,2026-04-02,2,0.71,Yes,Agent_Discretion,Accepted,"[79, 74, 69]"
O51119,A10790,1,70,70,Installment,70,3,20,Email,2026-03-27,2026-04-07,11,0.85,No,NONE,Rejected,"[75, 70, 65]"
O51120,A10790,2,75,75,Installment,75,6,12,Email,2026-03-01,2026-03-02,1,0.86,No,NONE,Rejected,"[80, 75, 70]"
O51121,A10791,1,49,49,Installment,49,3,9,Email,2026-02-05,2026-02-21,16,0.8,No,NONE,No Response,"[54, 49, 44]"
O51122,A10792,1,63,63,Installment,63,3,18,Call,2026-01-24,2026-02-03,10,0.64,No,NONE,Accepted,"[68, 63, 58]"
O51123,A10792,2,52,52,Installment,52,3,18,SMS,2026-03-19,2026-03-20,1,0.76,No,NONE,Rejected,"[57, 52, 47]"
O51124,A10793,1,34,39,Lump-Sum,39,0,11,Email,2026-03-17,2026-04-05,19,0.72,Yes,Agent_Discretion,No Response,"[39, 34, 29]"
O51125,A10794,1,76,76,Installment,76,9,13,Call,2026-03-22,2026-04-04,13,0.62,No,NONE,Accepted,"[81, 76, 71]"
O51126,A10794,2,80,80,Installment,80,6,18,Call,2026-01-21,2026-02-09,19,0.57,No,NONE,Accepted,"[85, 80, 75]"
O51127,A10795,1,53,53,Installment,53,9,13,Call,2026-03-26,2026-04-01,6,0.69,No,NONE,No Response,"[58, 53, 48]"
O51128,A10796,1,69,69,Installment,69,9,17,Call,2026-01-14,2026-01-25,11,0.85,No,NONE,Accepted,"[74, 69, 64]"
O51129,A10797,1,38,38,Lump-Sum,38,0,17,Email,2026-01-23,2026-02-12,20,0.61,No,NONE,Accepted,"[43, 38, 33]"
O51130,A10797,2,24,24,Lump-Sum,24,0,17,Call,2026-02-01,2026-02-06,5,0.73,No,NONE,Accepted,"[29, 24, 19]"
O51131,A10798,1,83,83,Installment,83,9,9,Call,2026-01-06,2026-01-17,11,0.79,No,NONE,Rejected,"[88, 83, 78]"
O51132,A10799,1,24,24,Lump-Sum,24,0,20,Email,2026-02-03,2026-02-18,15,0.69,No,NONE,Rejected,"[29, 24, 19]"
O51133,A10800,1,65,65,Installment,65,9,11,Email,2026-01-20,2026-02-09,20,0.75,No,NONE,Accepted,"[70, 65, 60]"
O51134,A10801,1,70,70,Installment,70,6,18,SMS,2026-03-28,2026-04-02,5,0.74,No,NONE,Rejected,"[75, 70, 65]"
O51135,A10802,1,83,83,Installment,83,6,9,Email,2026-01-27,2026-02-01,5,0.78,No,NONE,Accepted,"[88, 83, 78]"
O51136,A10803,1,52,52,Installment,52,3,9,Call,2026-02-18,2026-02-26,8,0.55,No,NONE,Accepted,"[57, 52, 47]"
O51137,A10804,1,49,49,Installment,49,6,12,SMS,2026-01-18,2026-02-07,20,0.71,No,NONE,Accepted,"[54, 49, 44]"
O51138,A10805,1,76,76,Installment,76,9,19,Call,2026-01-08,2026-01-12,4,0.77,No,NONE,Accepted,"[81, 76, 71]"
O51139,A10805,2,72,72,Installment,72,6,12,Email,2026-02-15,2026-02-25,10,0.62,No,NONE,Accepted,"[77, 72, 67]"
O51140,A10806,1,62,62,Installment,62,9,9,SMS,2026-03-18,2026-03-29,11,0.87,No,NONE,Rejected,"[67, 62, 57]"
O51141,A10806,2,55,60,Installment,60,6,8,SMS,2026-02-16,2026-02-28,12,0.71,Yes,Agent_Discretion,Accepted,"[60, 55, 50]"
O51142,A10807,1,80,80,Installment,80,3,11,Call,2026-01-06,2026-01-17,11,0.84,No,NONE,No Response,"[85, 80, 75]"
O51143,A10808,1,71,71,Installment,71,6,8,Email,2026-03-04,2026-03-12,8,0.73,No,NONE,Accepted,"[76, 71, 66]"
O51144,A10809,1,48,48,Installment,48,6,20,SMS,2026-02-17,2026-03-02,13,0.6,No,NONE,Accepted,"[53, 48, 43]"
O51145,A10810,1,58,58,Installment,58,3,20,Email,2026-03-22,2026-04-02,11,0.59,No,NONE,No Response,"[63, 58, 53]"
O51146,A10811,1,80,80,Installment,80,6,14,Call,2026-02-12,2026-02-28,16,0.61,No,NONE,Accepted,"[85, 80, 75]"
O51147,A10811,2,75,75,Installment,75,6,21,SMS,2026-01-06,2026-01-11,5,0.79,No,NONE,Accepted,"[80, 75, 70]"
O51148,A10812,1,68,68,Installment,68,3,14,Email,2026-02-15,2026-02-22,7,0.82,No,NONE,No Response,"[73, 68, 63]"
O51149,A10812,2,84,84,Installment,84,9,13,SMS,2026-03-03,2026-03-04,1,0.86,No,NONE,Accepted,"[89, 84, 79]"
O51150,A10813,1,82,82,Installment,82,9,17,SMS,2026-01-15,2026-01-23,8,0.74,No,NONE,Rejected,"[87, 82, 77]"
O51151,A10814,1,60,60,Installment,60,3,8,Call,2026-03-28,2026-04-13,16,0.58,No,NONE,Accepted,"[65, 60, 55]"
O51152,A10815,1,68,68,Installment,68,3,18,SMS,2026-03-18,2026-03-24,6,0.78,No,NONE,Rejected,"[73, 68, 63]"
O51153,A10816,1,56,56,Installment,56,6,12,SMS,2026-03-19,2026-04-06,18,0.71,No,NONE,Rejected,"[61, 56, 51]"
O51154,A10817,1,68,68,Installment,68,3,12,SMS,2026-01-16,2026-01-27,11,0.89,No,NONE,Accepted,"[73, 68, 63]"
O51155,A10817,2,69,74,Installment,74,3,9,Call,2026-03-17,2026-04-02,16,0.67,Yes,Agent_Discretion,Accepted,"[74, 69, 64]"
O51156,A10818,1,69,69,Installment,69,3,10,SMS,2026-03-19,2026-04-04,16,0.87,No,NONE,Accepted,"[74, 69, 64]"
O51157,A10819,1,70,70,Installment,70,9,10,Email,2026-01-23,2026-02-01,9,0.59,No,NONE,Accepted,"[75, 70, 65]"
O51158,A10819,2,83,83,Installment,83,6,21,Email,2026-02-26,2026-02-27,1,0.59,No,NONE,Accepted,"[88, 83, 78]"
O51159,A10820,1,63,63,Installment,63,3,9,Call,2026-01-20,2026-01-29,9,0.85,No,NONE,Rejected,"[68, 63, 58]"
O51160,A10821,1,52,52,Installment,52,3,10,Call,2026-01-18,2026-01-19,1,0.69,No,NONE,Rejected,"[57, 52, 47]"
O51161,A10822,1,46,46,Installment,46,6,13,Call,2026-02-17,2026-02-27,10,0.9,No,NONE,Accepted,"[51, 46, 41]"
O51162,A10822,2,62,62,Installment,62,9,10,Email,2026-01-23,2026-02-05,13,0.88,No,NONE,Rejected,"[67, 62, 57]"
O51163,A10823,1,60,60,Installment,60,6,20,Email,2026-03-11,2026-03-12,1,0.68,No,NONE,No Response,"[65, 60, 55]"
O51164,A10823,2,61,61,Installment,61,6,10,Email,2026-02-06,2026-02-16,10,0.8,No,NONE,Accepted,"[66, 61, 56]"
O51165,A10824,1,65,65,Installment,65,3,9,Email,2026-03-28,2026-04-02,5,0.81,No,NONE,Accepted,"[70, 65, 60]"
O51166,A10825,1,57,57,Installment,57,3,15,Call,2026-03-01,2026-03-19,18,0.59,No,NONE,Rejected,"[62, 57, 52]"
O51167,A10826,1,64,64,Installment,64,6,15,Call,2026-01-23,2026-01-26,3,0.83,No,NONE,Accepted,"[69, 64, 59]"
O51168,A10826,2,54,54,Installment,54,3,20,SMS,2026-03-21,2026-03-22,1,0.7,No,NONE,Accepted,"[59, 54, 49]"
O51169,A10827,1,82,82,Installment,82,3,18,Call,2026-02-16,2026-02-18,2,0.69,No,NONE,Rejected,"[87, 82, 77]"
O51170,A10828,1,59,59,Installment,59,3,13,SMS,2026-02-08,2026-02-20,12,0.8,No,NONE,Rejected,"[64, 59, 54]"
O51171,A10829,1,64,64,Installment,64,9,21,Call,2026-03-09,2026-03-13,4,0.82,No,NONE,Rejected,"[69, 64, 59]"
O51172,A10829,2,62,62,Installment,62,6,17,Call,2026-01-27,2026-02-13,17,0.89,No,NONE,Accepted,"[67, 62, 57]"
O51173,A10830,1,67,67,Installment,67,3,20,Call,2026-03-03,2026-03-11,8,0.74,No,NONE,Accepted,"[72, 67, 62]"
O51174,A10830,2,76,76,Installment,76,3,19,Email,2026-01-20,2026-01-20,0,0.78,No,NONE,Accepted,"[81, 76, 71]"
O51175,A10831,1,49,49,Installment,49,6,10,Call,2026-03-11,2026-03-28,17,0.68,No,NONE,No Response,"[54, 49, 44]"
O51176,A10832,1,61,61,Installment,61,3,12,Email,2026-03-13,2026-03-13,0,0.7,No,NONE,Accepted,"[66, 61, 56]"
O51177,A10832,2,55,55,Installment,55,3,17,Email,2026-01-20,2026-01-22,2,0.83,No,NONE,Rejected,"[60, 55, 50]"
O51178,A10833,1,45,45,Installment,45,6,16,Call,2026-01-26,2026-02-11,16,0.9,No,NONE,Accepted,"[50, 45, 40]"
O51179,A10834,1,65,65,Installment,65,9,11,Call,2026-02-16,2026-02-19,3,0.83,No,NONE,Rejected,"[70, 65, 60]"
O51180,A10835,1,76,76,Installment,76,6,8,Call,2026-02-17,2026-02-19,2,0.88,No,NONE,Accepted,"[81, 76, 71]"
O51181,A10836,1,60,60,Installment,60,9,19,Call,2026-03-08,2026-03-26,18,0.87,No,NONE,No Response,"[65, 60, 55]"
O51182,A10837,1,47,47,Installment,47,6,15,Email,2026-03-16,2026-03-31,15,0.87,No,NONE,Rejected,"[52, 47, 42]"
O51183,A10838,1,29,29,Lump-Sum,29,0,15,Call,2026-02-02,2026-02-14,12,0.71,No,NONE,Accepted,"[34, 29, 24]"
O51184,A10839,1,56,56,Installment,56,9,10,Email,2026-01-25,2026-02-03,9,0.71,No,NONE,Rejected,"[61, 56, 51]"
O51185,A10840,1,70,70,Installment,70,6,20,Call,2026-01-27,2026-02-16,20,0.79,No,NONE,Rejected,"[75, 70, 65]"
O51186,A10841,1,62,62,Installment,62,6,16,Email,2026-02-06,2026-02-26,20,0.56,No,NONE,Rejected,"[67, 62, 57]"
O51187,A10842,1,59,59,Installment,59,6,10,Email,2026-03-31,2026-04-19,19,0.82,No,NONE,Accepted,"[64, 59, 54]"
O51188,A10843,1,59,59,Installment,59,3,10,Email,2026-01-10,2026-01-24,14,0.75,No,NONE,No Response,"[64, 59, 54]"
O51189,A10844,1,62,62,Installment,62,9,14,Call,2026-03-10,2026-03-16,6,0.8,No,NONE,Accepted,"[67, 62, 57]"
O51190,A10845,1,61,66,Installment,66,3,11,Call,2026-03-11,2026-03-26,15,0.84,Yes,Agent_Discretion,Rejected,"[66, 61, 56]"
O51191,A10846,1,53,53,Installment,53,6,11,Call,2026-03-19,2026-03-22,3,0.73,No,NONE,Accepted,"[58, 53, 48]"
O51192,A10846,2,62,62,Installment,62,6,16,SMS,2026-03-21,2026-04-04,14,0.86,No,NONE,Rejected,"[67, 62, 57]"
O51193,A10847,1,48,53,Installment,53,9,18,SMS,2026-02-02,2026-02-22,20,0.61,Yes,Agent_Discretion,Rejected,"[53, 48, 43]"
O51194,A10847,2,46,46,Installment,46,9,11,SMS,2026-01-17,2026-01-23,6,0.67,No,NONE,Rejected,"[51, 46, 41]"
O51195,A10848,1,84,84,Installment,84,9,20,Email,2026-02-25,2026-03-13,16,0.64,No,NONE,Rejected,"[89, 84, 79]"
O51196,A10849,1,49,49,Installment,49,6,10,Email,2026-03-22,2026-04-06,15,0.61,No,NONE,No Response,"[54, 49, 44]"
O51197,A10850,1,79,79,Installment,79,3,20,SMS,2026-02-12,2026-02-16,4,0.76,No,NONE,Rejected,"[84, 79, 74]"
O51198,A10851,1,43,43,Lump-Sum,43,0,15,Email,2026-03-30,2026-04-07,8,0.57,No,NONE,No Response,"[48, 43, 38]"
O51199,A10852,1,45,45,Installment,45,9,17,Email,2026-01-16,2026-02-03,18,0.84,No,NONE,Accepted,"[50, 45, 40]"
O51200,A10852,2,53,53,Installment,53,6,8,Call,2026-01-22,2026-01-29,7,0.73,No,NONE,Rejected,"[58, 53, 48]"
O51201,A10853,1,63,63,Installment,63,3,17,Email,2026-03-07,2026-03-20,13,0.62,No,NONE,Accepted,"[68, 63, 58]"
O51202,A10854,1,52,52,Installment,52,9,21,Email,2026-01-12,2026-01-22,10,0.86,No,NONE,Accepted,"[57, 52, 47]"
O51203,A10854,2,61,61,Installment,61,3,14,Call,2026-01-09,2026-01-15,6,0.57,No,NONE,No Response,"[66, 61, 56]"
O51204,A10855,1,57,57,Installment,57,3,21,SMS,2026-03-12,2026-04-01,20,0.8,No,NONE,Accepted,"[62, 57, 52]"
O51205,A10855,2,51,56,Installment,56,9,10,Call,2026-01-27,2026-02-12,16,0.61,Yes,Agent_Discretion,Rejected,"[56, 51, 46]"
O51206,A10856,1,54,59,Installment,59,3,14,Call,2026-01-21,2026-01-24,3,0.58,Yes,Agent_Discretion,Rejected,"[59, 54, 49]"
O51207,A10857,1,36,41,Lump-Sum,41,0,20,SMS,2026-01-29,2026-02-13,15,0.76,Yes,Agent_Discretion,Accepted,"[41, 36, 31]"
O51208,A10858,1,57,62,Installment,62,6,8,SMS,2026-02-25,2026-03-03,6,0.88,Yes,Agent_Discretion,Rejected,"[62, 57, 52]"
O51209,A10859,1,80,80,Installment,80,6,19,Email,2026-02-03,2026-02-07,4,0.67,No,NONE,Rejected,"[85, 80, 75]"
O51210,A10860,1,60,60,Installment,60,6,13,Call,2026-02-06,2026-02-25,19,0.69,No,NONE,Rejected,"[65, 60, 55]"
O51211,A10860,2,60,60,Installment,60,9,19,SMS,2026-03-25,2026-04-06,12,0.75,No,NONE,Accepted,"[65, 60, 55]"
O51212,A10861,1,44,44,Lump-Sum,44,0,18,SMS,2026-02-09,2026-02-24,15,0.64,No,NONE,Accepted,"[49, 44, 39]"
O51213,A10862,1,81,81,Installment,81,3,11,Call,2026-03-31,2026-04-20,20,0.83,No,NONE,No Response,"[86, 81, 76]"
O51214,A10862,2,83,83,Installment,83,9,13,SMS,2026-03-10,2026-03-22,12,0.79,No,NONE,No Response,"[88, 83, 78]"
O51215,A10863,1,50,50,Installment,50,9,10,SMS,2026-01-05,2026-01-20,15,0.65,No,NONE,Accepted,"[55, 50, 45]"
O51216,A10864,1,54,59,Installment,59,6,14,Email,2026-02-17,2026-02-19,2,0.55,Yes,Agent_Discretion,Accepted,"[59, 54, 49]"
O51217,A10865,1,52,52,Installment,52,3,20,Call,2026-01-20,2026-02-03,14,0.84,No,NONE,Rejected,"[57, 52, 47]"
O51218,A10866,1,25,25,Lump-Sum,25,0,15,SMS,2026-02-08,2026-02-28,20,0.58,No,NONE,No Response,"[30, 25, 20]"
O51219,A10867,1,61,61,Installment,61,9,21,Call,2026-02-07,2026-02-21,14,0.56,No,NONE,Rejected,"[66, 61, 56]"
O51220,A10867,2,56,56,Installment,56,9,9,Email,2026-03-18,2026-04-02,15,0.84,No,NONE,Accepted,"[61, 56, 51]"
O51221,A10868,1,60,60,Installment,60,6,20,Email,2026-03-03,2026-03-22,19,0.88,No,NONE,Rejected,"[65, 60, 55]"
O51222,A10869,1,57,57,Installment,57,3,16,SMS,2026-01-28,2026-01-29,1,0.81,No,NONE,No Response,"[62, 57, 52]"
O51223,A10870,1,67,67,Installment,67,9,16,Call,2026-02-02,2026-02-20,18,0.82,No,NONE,Accepted,"[72, 67, 62]"
O51224,A10871,1,38,38,Lump-Sum,38,0,21,Call,2026-03-12,2026-03-23,11,0.57,No,NONE,Accepted,"[43, 38, 33]"
O51225,A10872,1,54,54,Installment,54,3,10,Email,2026-01-19,2026-02-02,14,0.81,No,NONE,Rejected,"[59, 54, 49]"
O51226,A10873,1,65,70,Installment,70,3,17,Email,2026-01-05,2026-01-22,17,0.84,Yes,Agent_Discretion,Rejected,"[70, 65, 60]"
O51227,A10873,2,76,76,Installment,76,6,8,Call,2026-03-03,2026-03-14,11,0.86,No,NONE,Accepted,"[81, 76, 71]"
O51228,A10874,1,82,82,Installment,82,3,19,Call,2026-02-24,2026-02-25,1,0.67,No,NONE,Rejected,"[87, 82, 77]"
O51229,A10874,2,81,81,Installment,81,6,10,SMS,2026-02-27,2026-03-19,20,0.55,No,NONE,Accepted,"[86, 81, 76]"
O51230,A10875,1,68,68,Installment,68,6,9,Call,2026-02-09,2026-02-21,12,0.81,No,NONE,Accepted,"[73, 68, 63]"
O51231,A10876,1,78,78,Installment,78,9,20,SMS,2026-01-21,2026-01-30,9,0.73,No,NONE,Rejected,"[83, 78, 73]"
O51232,A10877,1,51,51,Installment,51,6,11,Email,2026-01-05,2026-01-19,14,0.64,No,NONE,Accepted,"[56, 51, 46]"
O51233,A10878,1,77,77,Installment,77,9,8,Call,2026-01-28,2026-02-07,10,0.85,No,NONE,Rejected,"[82, 77, 72]"
O51234,A10878,2,70,70,Installment,70,3,21,Email,2026-01-24,2026-01-30,6,0.71,No,NONE,No Response,"[75, 70, 65]"
O51235,A10879,1,67,67,Installment,67,9,11,SMS,2026-02-17,2026-03-05,16,0.88,No,NONE,Rejected,"[72, 67, 62]"
O51236,A10880,1,46,46,Installment,46,9,12,Email,2026-03-28,2026-04-06,9,0.87,No,NONE,Rejected,"[51, 46, 41]"
O51237,A10880,2,52,57,Installment,57,6,9,Email,2026-01-24,2026-02-09,16,0.68,Yes,Agent_Discretion,Rejected,"[57, 52, 47]"
O51238,A10881,1,61,61,Installment,61,9,8,Call,2026-02-22,2026-02-26,4,0.72,No,NONE,Rejected,"[66, 61, 56]"
O51239,A10881,2,59,59,Installment,59,6,13,SMS,2026-02-08,2026-02-10,2,0.69,No,NONE,No Response,"[64, 59, 54]"
O51240,A10882,1,81,81,Installment,81,9,8,Call,2026-02-14,2026-02-25,11,0.82,No,NONE,Accepted,"[86, 81, 76]"
O51241,A10883,1,77,77,Installment,77,6,19,Call,2026-03-27,2026-04-16,20,0.76,No,NONE,Accepted,"[82, 77, 72]"
O51242,A10883,2,77,82,Installment,82,3,10,Call,2026-01-14,2026-02-02,19,0.71,Yes,Agent_Discretion,Accepted,"[82, 77, 72]"
O51243,A10884,1,65,65,Installment,65,9,20,Email,2026-02-04,2026-02-17,13,0.85,No,NONE,Accepted,"[70, 65, 60]"
O51244,A10885,1,27,27,Lump-Sum,27,0,8,Email,2026-02-20,2026-03-02,10,0.82,No,NONE,Accepted,"[32, 27, 22]"
O51245,A10886,1,55,55,Installment,55,6,19,SMS,2026-01-14,2026-01-29,15,0.85,No,NONE,Accepted,"[60, 55, 50]"
O51246,A10886,2,58,58,Installment,58,6,15,Call,2026-01-09,2026-01-25,16,0.72,No,NONE,Accepted,"[63, 58, 53]"
O51247,A10887,1,48,53,Installment,53,6,20,SMS,2026-01-25,2026-02-04,10,0.73,Yes,Agent_Discretion,Rejected,"[53, 48, 43]"
O51248,A10888,1,49,49,Installment,49,3,17,Call,2026-03-29,2026-04-05,7,0.6,No,NONE,Accepted,"[54, 49, 44]"
O51249,A10889,1,56,56,Installment,56,6,14,Email,2026-01-06,2026-01-24,18,0.56,No,NONE,Accepted,"[61, 56, 51]"
O51250,A10890,1,27,27,Lump-Sum,27,0,16,SMS,2026-03-17,2026-03-28,11,0.64,No,NONE,Rejected,"[32, 27, 22]"
O51251,A10890,2,41,41,Lump-Sum,41,0,14,SMS,2026-03-18,2026-03-26,8,0.78,No,NONE,Accepted,"[46, 41, 36]"
O51252,A10891,1,67,67,Installment,67,6,21,SMS,2026-03-17,2026-04-04,18,0.57,No,NONE,Rejected,"[72, 67, 62]"
O51253,A10891,2,73,78,Installment,78,9,16,Email,2026-01-09,2026-01-20,11,0.86,Yes,Agent_Discretion,Accepted,"[78, 73, 68]"
O51254,A10892,1,70,70,Installment,70,6,8,Email,2026-02-08,2026-02-10,2,0.64,No,NONE,Accepted,"[75, 70, 65]"
O51255,A10892,2,83,83,Installment,83,6,14,SMS,2026-03-23,2026-03-30,7,0.69,No,NONE,Accepted,"[88, 83, 78]"
O51256,A10893,1,53,53,Installment,53,3,11,SMS,2026-02-19,2026-03-10,19,0.62,No,NONE,Accepted,"[58, 53, 48]"
O51257,A10893,2,61,66,Installment,66,6,20,SMS,2026-03-25,2026-04-06,12,0.73,Yes,Agent_Discretion,Rejected,"[66, 61, 56]"
O51258,A10894,1,49,49,Installment,49,6,16,Call,2026-02-05,2026-02-05,0,0.89,No,NONE,Accepted,"[54, 49, 44]"
O51259,A10894,2,48,48,Installment,48,3,11,Call,2026-01-07,2026-01-16,9,0.74,No,NONE,Accepted,"[53, 48, 43]"
O51260,A10895,1,72,77,Installment,77,3,10,Call,2026-02-06,2026-02-12,6,0.68,Yes,Agent_Discretion,Accepted,"[77, 72, 67]"
O51261,A10895,2,74,74,Installment,74,9,20,Email,2026-01-16,2026-01-30,14,0.72,No,NONE,Accepted,"[79, 74, 69]"
O51262,A10896,1,60,65,Installment,65,3,12,Call,2026-03-20,2026-03-26,6,0.87,Yes,Agent_Discretion,Accepted,"[65, 60, 55]"
O51263,A10896,2,57,57,Installment,57,9,17,Call,2026-03-27,2026-04-11,15,0.65,No,NONE,Rejected,"[62, 57, 52]"
O51264,A10897,1,45,45,Installment,45,3,9,Email,2026-02-24,2026-03-14,18,0.87,No,NONE,Accepted,"[50, 45, 40]"
O51265,A10898,1,33,33,Lump-Sum,33,0,21,Call,2026-02-07,2026-02-27,20,0.75,No,NONE,Accepted,"[38, 33, 28]"
O51266,A10898,2,25,25,Lump-Sum,25,0,13,Call,2026-02-02,2026-02-10,8,0.79,No,NONE,Accepted,"[30, 25, 20]"
O51267,A10899,1,27,32,Lump-Sum,32,0,18,Call,2026-01-13,2026-01-20,7,0.73,Yes,Agent_Discretion,Accepted,"[32, 27, 22]"
O51268,A10900,1,66,66,Installment,66,3,15,Call,2026-03-28,2026-04-07,10,0.75,No,NONE,Rejected,"[71, 66, 61]"
O51269,A10901,1,69,69,Installment,69,3,17,Email,2026-02-20,2026-03-07,15,0.83,No,NONE,Accepted,"[74, 69, 64]"
O51270,A10902,1,76,81,Installment,81,3,17,SMS,2026-01-18,2026-02-04,17,0.79,Yes,Agent_Discretion,Rejected,"[81, 76, 71]"
O51271,A10903,1,48,48,Installment,48,3,17,SMS,2026-03-19,2026-04-06,18,0.67,No,NONE,No Response,"[53, 48, 43]"
O51272,A10904,1,84,84,Installment,84,6,15,Email,2026-03-25,2026-04-10,16,0.72,No,NONE,Accepted,"[89, 84, 79]"
O51273,A10904,2,78,78,Installment,78,6,20,SMS,2026-01-17,2026-01-31,14,0.56,No,NONE,Accepted,"[83, 78, 73]"
O51274,A10905,1,47,47,Installment,47,9,11,SMS,2026-01-01,2026-01-09,8,0.59,No,NONE,Accepted,"[52, 47, 42]"
O51275,A10905,2,59,59,Installment,59,9,20,Call,2026-03-30,2026-04-11,12,0.88,No,NONE,Accepted,"[64, 59, 54]"
O51276,A10906,1,84,89,Installment,89,3,11,Call,2026-01-20,2026-02-03,14,0.87,Yes,Agent_Discretion,Accepted,"[89, 84, 79]"
O51277,A10907,1,83,83,Installment,83,9,17,Call,2026-03-25,2026-04-03,9,0.81,No,NONE,Rejected,"[88, 83, 78]"
O51278,A10908,1,77,77,Installment,77,6,9,Call,2026-01-27,2026-02-01,5,0.68,No,NONE,Rejected,"[82, 77, 72]"
O51279,A10909,1,46,46,Installment,46,9,17,Email,2026-03-10,2026-03-27,17,0.84,No,NONE,No Response,"[51, 46, 41]"
O51280,A10910,1,71,71,Installment,71,3,13,Email,2026-02-04,2026-02-05,1,0.77,No,NONE,Accepted,"[76, 71, 66]"
O51281,A10910,2,84,84,Installment,84,3,10,Call,2026-02-23,2026-03-01,6,0.75,No,NONE,Accepted,"[89, 84, 79]"
O51282,A10911,1,78,83,Installment,83,6,20,Call,2026-02-04,2026-02-20,16,0.59,Yes,Agent_Discretion,No Response,"[83, 78, 73]"
O51283,A10912,1,62,62,Installment,62,9,14,Call,2026-03-02,2026-03-09,7,0.61,No,NONE,Rejected,"[67, 62, 57]"
O51284,A10912,2,63,63,Installment,63,3,10,SMS,2026-03-14,2026-03-19,5,0.86,No,NONE,Rejected,"[68, 63, 58]"
O51285,A10913,1,66,66,Installment,66,3,12,Call,2026-01-11,2026-01-16,5,0.64,No,NONE,Accepted,"[71, 66, 61]"
O51286,A10913,2,72,72,Installment,72,9,9,Email,2026-03-01,2026-03-08,7,0.6,No,NONE,No Response,"[77, 72, 67]"
O51287,A10914,1,61,61,Installment,61,3,17,Email,2026-01-02,2026-01-14,12,0.86,No,NONE,Accepted,"[66, 61, 56]"
O51288,A10914,2,57,62,Installment,62,3,10,Call,2026-03-02,2026-03-18,16,0.75,Yes,Agent_Discretion,Rejected,"[62, 57, 52]"
O51289,A10915,1,52,52,Installment,52,3,20,Email,2026-02-08,2026-02-26,18,0.87,No,NONE,Accepted,"[57, 52, 47]"
O51290,A10915,2,48,48,Installment,48,9,8,SMS,2026-02-23,2026-02-24,1,0.64,No,NONE,Accepted,"[53, 48, 43]"
O51291,A10916,1,27,27,Lump-Sum,27,0,13,SMS,2026-02-14,2026-02-26,12,0.81,No,NONE,No Response,"[32, 27, 22]"
O51292,A10917,1,77,77,Installment,77,6,11,Call,2026-02-23,2026-02-28,5,0.6,No,NONE,Accepted,"[82, 77, 72]"
O51293,A10917,2,66,66,Installment,66,3,9,Call,2026-01-03,2026-01-17,14,0.56,No,NONE,Accepted,"[71, 66, 61]"
O51294,A10918,1,78,78,Installment,78,3,9,Email,2026-01-06,2026-01-19,13,0.59,No,NONE,Rejected,"[83, 78, 73]"
O51295,A10918,2,71,71,Installment,71,3,17,Email,2026-03-14,2026-03-27,13,0.8,No,NONE,Accepted,"[76, 71, 66]"
O51296,A10919,1,84,84,Installment,84,9,16,Call,2026-03-13,2026-03-25,12,0.8,No,NONE,Accepted,"[89, 84, 79]"
O51297,A10920,1,73,73,Installment,73,6,8,SMS,2026-02-03,2026-02-03,0,0.56,No,NONE,Rejected,"[78, 73, 68]"
O51298,A10921,1,78,78,Installment,78,9,12,Email,2026-01-18,2026-01-23,5,0.9,No,NONE,Rejected,"[83, 78, 73]"
O51299,A10922,1,55,60,Installment,60,6,15,Call,2026-01-13,2026-01-14,1,0.78,Yes,Agent_Discretion,Accepted,"[60, 55, 50]"
O51300,A10922,2,62,62,Installment,62,3,11,SMS,2026-02-10,2026-02-13,3,0.59,No,NONE,Rejected,"[67, 62, 57]"
O51301,A10923,1,71,76,Installment,76,9,12,SMS,2026-02-23,2026-03-02,7,0.77,Yes,Agent_Discretion,Rejected,"[76, 71, 66]"
O51302,A10924,1,64,64,Installment,64,9,12,Call,2026-01-18,2026-01-24,6,0.72,No,NONE,Accepted,"[69, 64, 59]"
O51303,A10924,2,60,60,Installment,60,3,16,SMS,2026-01-16,2026-01-18,2,0.71,No,NONE,Rejected,"[65, 60, 55]"
O51304,A10925,1,63,63,Installment,63,9,8,Call,2026-02-18,2026-03-09,19,0.72,No,NONE,Accepted,"[68, 63, 58]"
O51305,A10925,2,46,51,Installment,51,3,13,Call,2026-03-14,2026-03-22,8,0.61,Yes,Agent_Discretion,Accepted,"[51, 46, 41]"
O51306,A10926,1,55,55,Installment,55,9,14,Call,2026-02-09,2026-02-10,1,0.69,No,NONE,Accepted,"[60, 55, 50]"
O51307,A10926,2,52,52,Installment,52,9,11,Email,2026-02-04,2026-02-22,18,0.7,No,NONE,Accepted,"[57, 52, 47]"
O51308,A10927,1,65,70,Installment,70,3,18,SMS,2026-01-08,2026-01-27,19,0.9,Yes,Agent_Discretion,Rejected,"[70, 65, 60]"
O51309,A10928,1,62,62,Installment,62,3,11,SMS,2026-02-20,2026-03-01,9,0.8,No,NONE,Rejected,"[67, 62, 57]"
O51310,A10929,1,40,40,Lump-Sum,40,0,15,Email,2026-02-18,2026-02-23,5,0.75,No,NONE,No Response,"[45, 40, 35]"
O51311,A10929,2,42,42,Lump-Sum,42,0,20,Call,2026-03-25,2026-03-25,0,0.65,No,NONE,Accepted,"[47, 42, 37]"
O51312,A10930,1,77,77,Installment,77,3,8,Email,2026-01-29,2026-01-30,1,0.76,No,NONE,Accepted,"[82, 77, 72]"
O51313,A10931,1,49,49,Installment,49,6,19,SMS,2026-02-16,2026-02-18,2,0.58,No,NONE,Accepted,"[54, 49, 44]"
O51314,A10932,1,51,51,Installment,51,9,11,Email,2026-01-29,2026-02-09,11,0.64,No,NONE,No Response,"[56, 51, 46]"
O51315,A10933,1,69,74,Installment,74,6,12,SMS,2026-02-10,2026-02-11,1,0.87,Yes,Agent_Discretion,Rejected,"[74, 69, 64]"
O51316,A10934,1,28,33,Lump-Sum,33,0,18,Email,2026-02-25,2026-03-10,13,0.58,Yes,Agent_Discretion,Rejected,"[33, 28, 23]"
O51317,A10934,2,26,26,Lump-Sum,26,0,18,Call,2026-02-14,2026-02-14,0,0.58,No,NONE,No Response,"[31, 26, 21]"
O51318,A10935,1,56,56,Installment,56,3,17,SMS,2026-02-11,2026-03-01,18,0.72,No,NONE,Accepted,"[61, 56, 51]"
O51319,A10935,2,64,69,Installment,69,6,19,Call,2026-01-21,2026-01-21,0,0.9,Yes,Agent_Discretion,Accepted,"[69, 64, 59]"
O51320,A10936,1,77,77,Installment,77,6,14,Call,2026-03-13,2026-03-17,4,0.78,No,NONE,Accepted,"[82, 77, 72]"
O51321,A10936,2,70,70,Installment,70,3,10,Email,2026-01-12,2026-01-13,1,0.86,No,NONE,Accepted,"[75, 70, 65]"
O51322,A10937,1,71,71,Installment,71,6,13,Call,2026-01-11,2026-01-13,2,0.64,No,NONE,Rejected,"[76, 71, 66]"
O51323,A10938,1,76,81,Installment,81,6,16,SMS,2026-01-13,2026-01-24,11,0.88,Yes,Agent_Discretion,Accepted,"[81, 76, 71]"
O51324,A10938,2,72,72,Installment,72,3,8,Email,2026-03-13,2026-03-24,11,0.7,No,NONE,Rejected,"[77, 72, 67]"
O51325,A10939,1,80,85,Installment,85,6,17,SMS,2026-03-01,2026-03-07,6,0.63,Yes,Agent_Discretion,Accepted,"[85, 80, 75]"
O51326,A10940,1,77,82,Installment,82,9,19,Email,2026-01-02,2026-01-20,18,0.87,Yes,Agent_Discretion,No Response,"[82, 77, 72]"
O51327,A10940,2,76,76,Installment,76,6,21,SMS,2026-01-30,2026-02-04,5,0.6,No,NONE,Rejected,"[81, 76, 71]"
O51328,A10941,1,46,46,Installment,46,6,9,SMS,2026-03-19,2026-03-26,7,0.79,No,NONE,Accepted,"[51, 46, 41]"
O51329,A10941,2,52,52,Installment,52,3,13,Call,2026-01-25,2026-01-27,2,0.68,No,NONE,Accepted,"[57, 52, 47]"
O51330,A10942,1,83,83,Installment,83,6,13,Call,2026-02-02,2026-02-02,0,0.84,No,NONE,Accepted,"[88, 83, 78]"
O51331,A10942,2,70,70,Installment,70,6,16,Email,2026-01-21,2026-01-21,0,0.71,No,NONE,No Response,"[75, 70, 65]"
O51332,A10943,1,78,83,Installment,83,6,8,Email,2026-01-04,2026-01-22,18,0.8,Yes,Agent_Discretion,Accepted,"[83, 78, 73]"
O51333,A10944,1,59,59,Installment,59,3,19,Email,2026-03-26,2026-04-15,20,0.86,No,NONE,Accepted,"[64, 59, 54]"
O51334,A10944,2,62,62,Installment,62,3,16,SMS,2026-03-15,2026-04-02,18,0.89,No,NONE,Rejected,"[67, 62, 57]"
O51335,A10945,1,81,81,Installment,81,6,15,Email,2026-03-23,2026-04-02,10,0.85,No,NONE,Rejected,"[86, 81, 76]"
O51336,A10946,1,45,45,Installment,45,3,9,Call,2026-01-24,2026-01-27,3,0.61,No,NONE,Rejected,"[50, 45, 40]"
O51337,A10946,2,50,50,Installment,50,6,21,SMS,2026-02-07,2026-02-09,2,0.82,No,NONE,Rejected,"[55, 50, 45]"
O51338,A10947,1,55,55,Installment,55,9,20,SMS,2026-01-04,2026-01-08,4,0.78,No,NONE,No Response,"[60, 55, 50]"
O51339,A10948,1,71,71,Installment,71,3,17,Call,2026-02-05,2026-02-11,6,0.77,No,NONE,Accepted,"[76, 71, 66]"
O51340,A10948,2,72,72,Installment,72,3,16,Call,2026-03-12,2026-03-25,13,0.81,No,NONE,No Response,"[77, 72, 67]"
O51341,A10949,1,74,74,Installment,74,3,20,SMS,2026-03-18,2026-03-23,5,0.7,No,NONE,Accepted,"[79, 74, 69]"
O51342,A10949,2,69,69,Installment,69,6,10,Email,2026-02-08,2026-02-15,7,0.88,No,NONE,Accepted,"[74, 69, 64]"
O51343,A10950,1,83,83,Installment,83,6,15,SMS,2026-02-19,2026-03-05,14,0.6,No,NONE,Rejected,"[88, 83, 78]"
O51344,A10951,1,61,61,Installment,61,3,10,SMS,2026-01-19,2026-02-03,15,0.79,No,NONE,Rejected,"[66, 61, 56]"
O51345,A10952,1,61,61,Installment,61,6,19,Call,2026-02-27,2026-03-06,7,0.74,No,NONE,Accepted,"[66, 61, 56]"
O51346,A10953,1,61,61,Installment,61,6,9,SMS,2026-01-03,2026-01-17,14,0.71,No,NONE,Rejected,"[66, 61, 56]"
O51347,A10954,1,68,73,Installment,73,9,19,SMS,2026-02-26,2026-03-06,8,0.7,Yes,Agent_Discretion,Accepted,"[73, 68, 63]"
O51348,A10954,2,80,85,Installment,85,9,20,SMS,2026-02-24,2026-03-12,16,0.82,Yes,Agent_Discretion,Accepted,"[85, 80, 75]"
O51349,A10955,1,73,73,Installment,73,6,19,Email,2026-01-28,2026-02-09,12,0.79,No,NONE,No Response,"[78, 73, 68]"
O51350,A10956,1,62,62,Installment,62,9,12,Call,2026-03-03,2026-03-14,11,0.56,No,NONE,Rejected,"[67, 62, 57]"
O51351,A10957,1,59,59,Installment,59,6,19,SMS,2026-01-29,2026-02-13,15,0.67,No,NONE,Accepted,"[64, 59, 54]"
O51352,A10957,2,49,49,Installment,49,3,11,SMS,2026-01-12,2026-01-22,10,0.87,No,NONE,Accepted,"[54, 49, 44]"
O51353,A10958,1,53,53,Installment,53,9,21,Email,2026-02-24,2026-03-09,13,0.75,No,NONE,Rejected,"[58, 53, 48]"
O51354,A10958,2,56,56,Installment,56,3,19,Email,2026-02-15,2026-02-16,1,0.89,No,NONE,Accepted,"[61, 56, 51]"
O51355,A10959,1,70,70,Installment,70,3,20,Call,2026-02-10,2026-02-18,8,0.76,No,NONE,Rejected,"[75, 70, 65]"
O51356,A10959,2,78,78,Installment,78,3,15,Call,2026-01-08,2026-01-11,3,0.71,No,NONE,Rejected,"[83, 78, 73]"
O51357,A10960,1,50,50,Installment,50,9,15,SMS,2026-02-02,2026-02-13,11,0.55,No,NONE,Rejected,"[55, 50, 45]"
O51358,A10960,2,49,49,Installment,49,6,10,Email,2026-03-22,2026-04-11,20,0.6,No,NONE,Rejected,"[54, 49, 44]"
O51359,A10961,1,47,47,Installment,47,3,18,Call,2026-03-14,2026-03-19,5,0.74,No,NONE,Rejected,"[52, 47, 42]"
O51360,A10961,2,46,51,Installment,51,6,9,SMS,2026-03-13,2026-03-25,12,0.78,Yes,Agent_Discretion,No Response,"[51, 46, 41]"
O51361,A10962,1,46,46,Installment,46,6,14,SMS,2026-03-19,2026-04-02,14,0.86,No,NONE,Accepted,"[51, 46, 41]"
O51362,A10963,1,49,49,Installment,49,6,16,Email,2026-02-21,2026-02-24,3,0.68,No,NONE,Accepted,"[54, 49, 44]"
O51363,A10963,2,52,52,Installment,52,9,17,SMS,2026-03-25,2026-04-08,14,0.84,No,NONE,Accepted,"[57, 52, 47]"
O51364,A10964,1,82,82,Installment,82,3,12,Call,2026-02-16,2026-03-02,14,0.68,No,NONE,No Response,"[87, 82, 77]"
O51365,A10965,1,73,73,Installment,73,6,20,SMS,2026-02-12,2026-02-12,0,0.72,No,NONE,No Response,"[78, 73, 68]"
O51366,A10966,1,62,62,Installment,62,3,9,Email,2026-03-17,2026-04-04,18,0.79,No,NONE,No Response,"[67, 62, 57]"
O51367,A10967,1,59,59,Installment,59,9,17,Call,2026-02-21,2026-03-12,19,0.81,No,NONE,Rejected,"[64, 59, 54]"
O51368,A10967,2,54,54,Installment,54,3,18,SMS,2026-03-19,2026-03-20,1,0.78,No,NONE,Accepted,"[59, 54, 49]"
O51369,A10968,1,51,51,Installment,51,9,18,Email,2026-01-27,2026-02-12,16,0.7,No,NONE,Rejected,"[56, 51, 46]"
O51370,A10969,1,27,27,Lump-Sum,27,0,18,SMS,2026-01-25,2026-02-02,8,0.64,No,NONE,Rejected,"[32, 27, 22]"
O51371,A10970,1,46,46,Installment,46,6,19,Call,2026-02-14,2026-03-03,17,0.59,No,NONE,Accepted,"[51, 46, 41]"
O51372,A10971,1,56,61,Installment,61,3,11,Call,2026-02-24,2026-03-09,13,0.56,Yes,Agent_Discretion,Accepted,"[61, 56, 51]"
O51373,A10971,2,61,61,Installment,61,9,14,Call,2026-02-17,2026-02-21,4,0.74,No,NONE,Rejected,"[66, 61, 56]"
O51374,A10972,1,79,79,Installment,79,6,21,SMS,2026-02-19,2026-03-04,13,0.62,No,NONE,Accepted,"[84, 79, 74]"
O51375,A10973,1,78,78,Installment,78,6,17,Email,2026-03-02,2026-03-21,19,0.85,No,NONE,Accepted,"[83, 78, 73]"
O51376,A10974,1,65,65,Installment,65,3,12,Call,2026-03-09,2026-03-15,6,0.81,No,NONE,Rejected,"[70, 65, 60]"
O51377,A10974,2,83,83,Installment,83,9,8,SMS,2026-01-24,2026-02-03,10,0.69,No,NONE,Rejected,"[88, 83, 78]"
O51378,A10975,1,72,77,Installment,77,9,16,SMS,2026-03-24,2026-03-29,5,0.56,Yes,Agent_Discretion,Accepted,"[77, 72, 67]"
O51379,A10976,1,29,29,Lump-Sum,29,0,8,Call,2026-03-21,2026-03-21,0,0.56,No,NONE,Accepted,"[34, 29, 24]"
O51380,A10976,2,38,38,Lump-Sum,38,0,15,SMS,2026-01-17,2026-01-30,13,0.69,No,NONE,Rejected,"[43, 38, 33]"
O51381,A10977,1,83,83,Installment,83,3,16,Call,2026-03-22,2026-03-22,0,0.72,No,NONE,Rejected,"[88, 83, 78]"
O51382,A10978,1,41,41,Lump-Sum,41,0,10,Call,2026-01-31,2026-02-11,11,0.64,No,NONE,Rejected,"[46, 41, 36]"
O51383,A10979,1,64,64,Installment,64,9,9,SMS,2026-02-11,2026-02-24,13,0.87,No,NONE,Rejected,"[69, 64, 59]"
O51384,A10979,2,54,54,Installment,54,9,12,Call,2026-03-14,2026-04-02,19,0.67,No,NONE,Rejected,"[59, 54, 49]"
O51385,A10980,1,24,24,Lump-Sum,24,0,17,SMS,2026-01-01,2026-01-21,20,0.79,No,NONE,Accepted,"[29, 24, 19]"
O51386,A10981,1,49,54,Installment,54,6,18,Call,2026-03-31,2026-04-20,20,0.76,Yes,Agent_Discretion,Rejected,"[54, 49, 44]"
O51387,A10982,1,83,83,Installment,83,6,11,SMS,2026-02-07,2026-02-09,2,0.66,No,NONE,Accepted,"[88, 83, 78]"
O51388,A10983,1,24,24,Lump-Sum,24,0,20,SMS,2026-03-16,2026-03-18,2,0.62,No,NONE,Accepted,"[29, 24, 19]"
O51389,A10984,1,62,62,Installment,62,6,13,SMS,2026-01-20,2026-01-28,8,0.56,No,NONE,No Response,"[67, 62, 57]"
O51390,A10985,1,83,83,Installment,83,9,12,SMS,2026-01-21,2026-02-04,14,0.74,No,NONE,Rejected,"[88, 83, 78]"
O51391,A10985,2,73,73,Installment,73,3,11,Call,2026-01-14,2026-01-19,5,0.69,No,NONE,Rejected,"[78, 73, 68]"
O51392,A10986,1,49,49,Installment,49,9,14,Call,2026-01-20,2026-02-04,15,0.79,No,NONE,No Response,"[54, 49, 44]"
O51393,A10987,1,73,73,Installment,73,3,20,Email,2026-03-16,2026-03-23,7,0.59,No,NONE,Rejected,"[78, 73, 68]"
O51394,A10987,2,68,68,Installment,68,3,19,SMS,2026-03-05,2026-03-06,1,0.79,No,NONE,Accepted,"[73, 68, 63]"
O51395,A10988,1,62,67,Installment,67,6,17,Call,2026-02-14,2026-02-27,13,0.77,Yes,Agent_Discretion,Rejected,"[67, 62, 57]"
O51396,A10988,2,56,56,Installment,56,9,10,SMS,2026-03-10,2026-03-30,20,0.74,No,NONE,Accepted,"[61, 56, 51]"
O51397,A10989,1,83,83,Installment,83,9,19,Email,2026-02-21,2026-02-26,5,0.57,No,NONE,Accepted,"[88, 83, 78]"
O51398,A10989,2,66,66,Installment,66,6,9,Call,2026-03-02,2026-03-14,12,0.84,No,NONE,Accepted,"[71, 66, 61]"
O51399,A10990,1,53,58,Installment,58,9,16,Email,2026-03-23,2026-04-10,18,0.73,Yes,Agent_Discretion,Rejected,"[58, 53, 48]"
O51400,A10991,1,64,64,Installment,64,3,19,Email,2026-01-04,2026-01-08,4,0.7,No,NONE,Rejected,"[69, 64, 59]"
O51401,A10991,2,55,55,Installment,55,3,21,Call,2026-01-13,2026-01-26,13,0.77,No,NONE,Accepted,"[60, 55, 50]"
O51402,A10992,1,82,82,Installment,82,6,21,Call,2026-01-15,2026-01-30,15,0.66,No,NONE,Accepted,"[87, 82, 77]"
O51403,A10993,1,61,66,Installment,66,3,13,Email,2026-01-23,2026-02-01,9,0.86,Yes,Agent_Discretion,No Response,"[66, 61, 56]"
O51404,A10993,2,47,47,Installment,47,6,12,Call,2026-02-28,2026-03-06,6,0.62,No,NONE,Accepted,"[52, 47, 42]"
O51405,A10994,1,74,74,Installment,74,9,9,Email,2026-01-09,2026-01-19,10,0.67,No,NONE,Rejected,"[79, 74, 69]"
O51406,A10995,1,67,67,Installment,67,3,18,Email,2026-03-16,2026-04-04,19,0.85,No,NONE,Accepted,"[72, 67, 62]"
O51407,A10996,1,78,78,Installment,78,3,10,SMS,2026-03-07,2026-03-24,17,0.72,No,NONE,Accepted,"[83, 78, 73]"
O51408,A10996,2,82,82,Installment,82,6,14,SMS,2026-02-24,2026-03-05,9,0.88,No,NONE,Accepted,"[87, 82, 77]"
O51409,A10997,1,78,78,Installment,78,6,11,Call,2026-02-05,2026-02-18,13,0.82,No,NONE,Rejected,"[83, 78, 73]"
O51410,A10997,2,76,76,Installment,76,9,18,Call,2026-02-09,2026-02-12,3,0.85,No,NONE,Rejected,"[81, 76, 71]"
O51411,A10998,1,72,72,Installment,72,9,10,Email,2026-01-07,2026-01-14,7,0.73,No,NONE,No Response,"[77, 72, 67]"
O51412,A10998,2,83,83,Installment,83,9,18,Email,2026-03-22,2026-03-31,9,0.6,No,NONE,No Response,"[88, 83, 78]"
O51413,A10999,1,62,62,Installment,62,3,14,Call,2026-01-20,2026-02-06,17,0.85,No,NONE,Accepted,"[67, 62, 57]"
O51414,A10999,2,54,59,Installment,59,9,11,SMS,2026-01-23,2026-02-09,17,0.72,Yes,Agent_Discretion,Accepted,"[59, 54, 49]"
O51415,A11000,1,45,45,Installment,45,9,19,Email,2026-03-11,2026-03-17,6,0.62,No,NONE,Accepted,"[50, 45, 40]"
O51416,A11001,1,76,76,Installment,76,9,13,Email,2026-01-14,2026-01-25,11,0.86,No,NONE,Accepted,"[81, 76, 71]"
O51417,A11002,1,53,53,Installment,53,3,8,Call,2026-02-10,2026-02-21,11,0.69,No,NONE,Accepted,"[58, 53, 48]"
O51418,A11003,1,65,65,Installment,65,3,14,SMS,2026-03-15,2026-03-18,3,0.68,No,NONE,Accepted,"[70, 65, 60]"
O51419,A11004,1,25,25,Lump-Sum,25,0,9,Call,2026-01-15,2026-01-19,4,0.57,No,NONE,Accepted,"[30, 25, 20]"
O51420,A11005,1,81,81,Installment,81,9,9,Call,2026-03-09,2026-03-20,11,0.71,No,NONE,Rejected,"[86, 81, 76]"
O51421,A11006,1,63,63,Installment,63,9,19,Email,2026-01-30,2026-02-11,12,0.67,No,NONE,Accepted,"[68, 63, 58]"
O51422,A11007,1,48,48,Installment,48,9,19,Email,2026-01-03,2026-01-04,1,0.78,No,NONE,No Response,"[53, 48, 43]"
O51423,A11007,2,53,53,Installment,53,9,10,Email,2026-01-14,2026-01-27,13,0.66,No,NONE,Rejected,"[58, 53, 48]"
O51424,A11008,1,63,63,Installment,63,6,14,SMS,2026-03-19,2026-04-03,15,0.89,No,NONE,Accepted,"[68, 63, 58]"
O51425,A11008,2,47,47,Installment,47,6,8,Email,2026-01-28,2026-02-06,9,0.62,No,NONE,Accepted,"[52, 47, 42]"
O51426,A11009,1,56,56,Installment,56,3,12,SMS,2026-02-13,2026-02-28,15,0.62,No,NONE,Accepted,"[61, 56, 51]"
O51427,A11010,1,75,75,Installment,75,3,19,Call,2026-01-06,2026-01-14,8,0.73,No,NONE,Accepted,"[80, 75, 70]"
O51428,A11010,2,66,66,Installment,66,6,13,Call,2026-01-03,2026-01-12,9,0.68,No,NONE,Accepted,"[71, 66, 61]"
O51429,A11011,1,74,74,Installment,74,6,21,SMS,2026-03-11,2026-03-27,16,0.77,No,NONE,Accepted,"[79, 74, 69]"
O51430,A11012,1,63,63,Installment,63,3,11,Email,2026-01-07,2026-01-15,8,0.68,No,NONE,Accepted,"[68, 63, 58]"
O51431,A11013,1,59,59,Installment,59,3,11,SMS,2026-03-20,2026-04-06,17,0.58,No,NONE,Rejected,"[64, 59, 54]"
O51432,A11013,2,58,58,Installment,58,6,13,Call,2026-03-15,2026-03-22,7,0.57,No,NONE,Accepted,"[63, 58, 53]"
O51433,A11014,1,59,59,Installment,59,6,21,Call,2026-02-24,2026-03-07,11,0.76,No,NONE,Accepted,"[64, 59, 54]"
O51434,A11015,1,80,80,Installment,80,9,16,SMS,2026-03-19,2026-04-06,18,0.75,No,NONE,Accepted,"[85, 80, 75]"
O51435,A11016,1,63,68,Installment,68,6,17,Call,2026-01-30,2026-02-07,8,0.6,Yes,Agent_Discretion,Accepted,"[68, 63, 58]"
O51436,A11017,1,65,65,Installment,65,3,18,SMS,2026-02-16,2026-02-19,3,0.72,No,NONE,No Response,"[70, 65, 60]"
O51437,A11017,2,84,84,Installment,84,6,9,Call,2026-01-05,2026-01-05,0,0.55,No,NONE,Accepted,"[89, 84, 79]"
O51438,A11018,1,80,80,Installment,80,6,9,Email,2026-01-12,2026-01-31,19,0.57,No,NONE,Rejected,"[85, 80, 75]"
O51439,A11019,1,81,86,Installment,86,6,10,SMS,2026-02-19,2026-02-26,7,0.7,Yes,Agent_Discretion,Accepted,"[86, 81, 76]"
O51440,A11020,1,72,72,Installment,72,9,13,SMS,2026-02-27,2026-03-11,12,0.77,No,NONE,Accepted,"[77, 72, 67]"
O51441,A11021,1,65,70,Installment,70,9,10,Email,2026-02-28,2026-03-12,12,0.71,Yes,Agent_Discretion,Accepted,"[70, 65, 60]"
O51442,A11022,1,47,52,Installment,52,3,19,Email,2026-03-03,2026-03-07,4,0.78,Yes,Agent_Discretion,Accepted,"[52, 47, 42]"
O51443,A11023,1,58,58,Installment,58,9,16,SMS,2026-02-18,2026-02-28,10,0.75,No,NONE,Accepted,"[63, 58, 53]"
O51444,A11024,1,65,65,Installment,65,6,10,SMS,2026-01-08,2026-01-12,4,0.74,No,NONE,Accepted,"[70, 65, 60]"
O51445,A11024,2,79,79,Installment,79,6,12,Call,2026-02-13,2026-02-25,12,0.86,No,NONE,Accepted,"[84, 79, 74]"
O51446,A11025,1,80,80,Installment,80,3,14,Email,2026-01-27,2026-02-08,12,0.76,No,NONE,Rejected,"[85, 80, 75]"
O51447,A11025,2,82,82,Installment,82,6,20,Call,2026-02-20,2026-03-05,13,0.57,No,NONE,Rejected,"[87, 82, 77]"
O51448,A11026,1,84,84,Installment,84,3,9,SMS,2026-01-22,2026-02-11,20,0.81,No,NONE,Accepted,"[89, 84, 79]"
O51449,A11027,1,53,53,Installment,53,6,8,Call,2026-01-07,2026-01-15,8,0.7,No,NONE,Accepted,"[58, 53, 48]"
O51450,A11028,1,62,62,Installment,62,3,17,SMS,2026-01-14,2026-02-02,19,0.6,No,NONE,Rejected,"[67, 62, 57]"
O51451,A11029,1,52,52,Installment,52,6,18,SMS,2026-01-16,2026-01-23,7,0.82,No,NONE,Rejected,"[57, 52, 47]"
O51452,A11030,1,81,81,Installment,81,3,16,Call,2026-01-31,2026-02-04,4,0.66,No,NONE,Accepted,"[86, 81, 76]"
O51453,A11031,1,58,63,Installment,63,3,21,SMS,2026-02-07,2026-02-09,2,0.87,Yes,Agent_Discretion,Accepted,"[63, 58, 53]"
O51454,A11032,1,52,52,Installment,52,6,17,Call,2026-01-18,2026-02-02,15,0.8,No,NONE,Rejected,"[57, 52, 47]"
O51455,A11033,1,67,67,Installment,67,3,13,SMS,2026-01-09,2026-01-29,20,0.69,No,NONE,Accepted,"[72, 67, 62]"
O51456,A11034,1,83,83,Installment,83,9,14,Email,2026-03-01,2026-03-15,14,0.66,No,NONE,Accepted,"[88, 83, 78]"
O51457,A11035,1,68,68,Installment,68,9,10,Email,2026-01-22,2026-01-24,2,0.58,No,NONE,Rejected,"[73, 68, 63]"
O51458,A11036,1,36,36,Lump-Sum,36,0,13,Call,2026-02-19,2026-03-06,15,0.83,No,NONE,Accepted,"[41, 36, 31]"
O51459,A11037,1,61,61,Installment,61,6,19,Call,2026-02-04,2026-02-15,11,0.7,No,NONE,Rejected,"[66, 61, 56]"
O51460,A11037,2,62,67,Installment,67,3,15,SMS,2026-02-27,2026-03-19,20,0.57,Yes,Agent_Discretion,Rejected,"[67, 62, 57]"
O51461,A11038,1,66,71,Installment,71,9,20,SMS,2026-03-17,2026-03-26,9,0.71,Yes,Agent_Discretion,Rejected,"[71, 66, 61]"
O51462,A11038,2,79,79,Installment,79,3,20,SMS,2026-03-28,2026-04-16,19,0.89,No,NONE,Accepted,"[84, 79, 74]"
O51463,A11039,1,68,68,Installment,68,9,21,SMS,2026-02-27,2026-03-03,4,0.73,No,NONE,Accepted,"[73, 68, 63]"
O51464,A11039,2,68,73,Installment,73,3,8,SMS,2026-03-19,2026-03-27,8,0.66,Yes,Agent_Discretion,No Response,"[73, 68, 63]"
O51465,A11040,1,76,76,Installment,76,6,8,Call,2026-03-20,2026-04-09,20,0.71,No,NONE,Rejected,"[81, 76, 71]"
O51466,A11041,1,52,57,Installment,57,3,12,Call,2026-03-09,2026-03-12,3,0.62,Yes,Agent_Discretion,Rejected,"[57, 52, 47]"
O51467,A11042,1,82,82,Installment,82,9,9,Call,2026-03-06,2026-03-20,14,0.83,No,NONE,Accepted,"[87, 82, 77]"
O51468,A11042,2,83,83,Installment,83,3,21,Email,2026-02-08,2026-02-10,2,0.86,No,NONE,Accepted,"[88, 83, 78]"
O51469,A11043,1,82,82,Installment,82,3,12,Call,2026-02-01,2026-02-07,6,0.59,No,NONE,Accepted,"[87, 82, 77]"
O51470,A11044,1,66,66,Installment,66,6,8,SMS,2026-02-08,2026-02-16,8,0.6,No,NONE,Rejected,"[71, 66, 61]"
O51471,A11045,1,80,80,Installment,80,9,19,SMS,2026-03-08,2026-03-16,8,0.63,No,NONE,Accepted,"[85, 80, 75]"
O51472,A11046,1,70,70,Installment,70,9,21,SMS,2026-03-22,2026-04-05,14,0.75,No,NONE,Accepted,"[75, 70, 65]"
O51473,A11046,2,67,67,Installment,67,3,17,SMS,2026-01-10,2026-01-22,12,0.79,No,NONE,No Response,"[72, 67, 62]"
O51474,A11047,1,75,75,Installment,75,3,9,Call,2026-03-17,2026-04-04,18,0.71,No,NONE,Rejected,"[80, 75, 70]"
O51475,A11047,2,81,81,Installment,81,9,13,Call,2026-01-15,2026-01-18,3,0.84,No,NONE,No Response,"[86, 81, 76]"
O51476,A11048,1,53,53,Installment,53,9,9,Call,2026-01-23,2026-02-02,10,0.85,No,NONE,Accepted,"[58, 53, 48]"
O51477,A11049,1,67,67,Installment,67,3,17,Email,2026-02-05,2026-02-09,4,0.56,No,NONE,Accepted,"[72, 67, 62]"
O51478,A11049,2,66,66,Installment,66,9,15,Email,2026-03-23,2026-03-30,7,0.89,No,NONE,Accepted,"[71, 66, 61]"
O51479,A11050,1,70,70,Installment,70,6,17,Call,2026-02-03,2026-02-21,18,0.74,No,NONE,Rejected,"[75, 70, 65]"
O51480,A11051,1,68,73,Installment,73,3,11,Call,2026-02-27,2026-03-13,14,0.76,Yes,Agent_Discretion,Accepted,"[73, 68, 63]"
O51481,A11052,1,81,81,Installment,81,3,20,Call,2026-02-24,2026-03-02,6,0.82,No,NONE,Accepted,"[86, 81, 76]"
O51482,A11053,1,64,64,Installment,64,9,20,Call,2026-01-21,2026-01-29,8,0.58,No,NONE,Accepted,"[69, 64, 59]"
O51483,A11054,1,54,59,Installment,59,9,12,Call,2026-02-24,2026-03-10,14,0.65,Yes,Agent_Discretion,Accepted,"[59, 54, 49]"
O51484,A11055,1,51,56,Installment,56,6,16,SMS,2026-01-30,2026-02-01,2,0.87,Yes,Agent_Discretion,Rejected,"[56, 51, 46]"
O51485,A11056,1,26,26,Lump-Sum,26,0,9,Email,2026-03-10,2026-03-12,2,0.64,No,NONE,Accepted,"[31, 26, 21]"
O51486,A11056,2,23,23,Lump-Sum,23,0,20,Call,2026-02-09,2026-03-01,20,0.67,No,NONE,Accepted,"[28, 23, 18]"
O51487,A11057,1,48,48,Installment,48,6,13,Email,2026-02-11,2026-02-27,16,0.87,No,NONE,Accepted,"[53, 48, 43]"
O51488,A11057,2,53,53,Installment,53,9,16,SMS,2026-02-03,2026-02-15,12,0.88,No,NONE,Accepted,"[58, 53, 48]"
O51489,A11058,1,47,47,Installment,47,3,21,SMS,2026-02-01,2026-02-10,9,0.68,No,NONE,Accepted,"[52, 47, 42]"
O51490,A11059,1,41,46,Lump-Sum,46,0,8,Email,2026-01-31,2026-02-07,7,0.57,Yes,Agent_Discretion,Rejected,"[46, 41, 36]"
O51491,A11059,2,26,26,Lump-Sum,26,0,8,Call,2026-01-10,2026-01-27,17,0.65,No,NONE,Accepted,"[31, 26, 21]"
O51492,A11060,1,50,50,Installment,50,3,17,SMS,2026-03-17,2026-03-22,5,0.59,No,NONE,Rejected,"[55, 50, 45]"
O51493,A11061,1,30,30,Lump-Sum,30,0,14,Email,2026-03-15,2026-03-29,14,0.73,No,NONE,Rejected,"[35, 30, 25]"
O51494,A11062,1,54,54,Installment,54,6,20,SMS,2026-02-14,2026-02-28,14,0.76,No,NONE,No Response,"[59, 54, 49]"
O51495,A11063,1,53,53,Installment,53,9,17,SMS,2026-01-31,2026-02-20,20,0.63,No,NONE,Accepted,"[58, 53, 48]"
O51496,A11063,2,50,50,Installment,50,9,10,SMS,2026-02-21,2026-03-09,16,0.56,No,NONE,No Response,"[55, 50, 45]"
O51497,A11064,1,81,81,Installment,81,9,9,SMS,2026-01-14,2026-01-30,16,0.58,No,NONE,No Response,"[86, 81, 76]"
O51498,A11064,2,73,73,Installment,73,6,19,SMS,2026-01-21,2026-01-26,5,0.58,No,NONE,Accepted,"[78, 73, 68]"
O51499,A11065,1,49,49,Installment,49,3,14,Email,2026-03-17,2026-04-05,19,0.61,No,NONE,Accepted,"[54, 49, 44]"
O51500,A11065,2,55,55,Installment,55,9,8,Email,2026-03-26,2026-04-06,11,0.59,No,NONE,Accepted,"[60, 55, 50]"
O51501,A11066,1,66,66,Installment,66,9,8,Call,2026-01-04,2026-01-21,17,0.62,No,NONE,Accepted,"[71, 66, 61]"
O51502,A11067,1,46,46,Installment,46,3,16,Email,2026-02-26,2026-03-10,12,0.6,No,NONE,Accepted,"[51, 46, 41]"
O51503,A11068,1,76,76,Installment,76,6,11,Call,2026-03-02,2026-03-04,2,0.89,No,NONE,Accepted,"[81, 76, 71]"
O51504,A11068,2,74,74,Installment,74,9,11,Email,2026-01-11,2026-01-12,1,0.66,No,NONE,Accepted,"[79, 74, 69]"
O51505,A11069,1,48,48,Installment,48,6,18,Email,2026-01-29,2026-02-10,12,0.76,No,NONE,Accepted,"[53, 48, 43]"
O51506,A11070,1,52,52,Installment,52,6,14,Email,2026-03-27,2026-04-10,14,0.59,No,NONE,Accepted,"[57, 52, 47]"
O51507,A11070,2,57,57,Installment,57,9,16,SMS,2026-03-06,2026-03-06,0,0.85,No,NONE,Accepted,"[62, 57, 52]"
O51508,A11071,1,66,66,Installment,66,3,18,Email,2026-01-23,2026-02-02,10,0.77,No,NONE,Accepted,"[71, 66, 61]"
O51509,A11072,1,62,67,Installment,67,9,12,Email,2026-01-15,2026-01-31,16,0.89,Yes,Agent_Discretion,Accepted,"[67, 62, 57]"
O51510,A11072,2,63,63,Installment,63,3,17,Call,2026-01-10,2026-01-14,4,0.79,No,NONE,Accepted,"[68, 63, 58]"
O51511,A11073,1,64,64,Installment,64,3,11,Call,2026-02-26,2026-03-02,4,0.77,No,NONE,Rejected,"[69, 64, 59]"
O51512,A11074,1,78,78,Installment,78,3,19,Email,2026-02-28,2026-03-02,2,0.57,No,NONE,Rejected,"[83, 78, 73]"
O51513,A11075,1,81,81,Installment,81,3,11,Call,2026-02-09,2026-02-22,13,0.59,No,NONE,Rejected,"[86, 81, 76]"
O51514,A11075,2,68,68,Installment,68,6,19,Email,2026-03-11,2026-03-17,6,0.73,No,NONE,Rejected,"[73, 68, 63]"
O51515,A11076,1,84,84,Installment,84,6,18,Email,2026-03-02,2026-03-17,15,0.62,No,NONE,Rejected,"[89, 84, 79]"
O51516,A11077,1,52,52,Installment,52,9,17,Call,2026-01-22,2026-01-28,6,0.83,No,NONE,Rejected,"[57, 52, 47]"
O51517,A11078,1,51,51,Installment,51,3,8,Call,2026-03-12,2026-03-18,6,0.58,No,NONE,Accepted,"[56, 51, 46]"
O51518,A11078,2,52,52,Installment,52,9,16,Email,2026-01-17,2026-01-22,5,0.57,No,NONE,No Response,"[57, 52, 47]"
O51519,A11079,1,52,52,Installment,52,6,11,Email,2026-02-01,2026-02-13,12,0.83,No,NONE,Accepted,"[57, 52, 47]"
O51520,A11079,2,58,58,Installment,58,3,9,Call,2026-03-11,2026-03-11,0,0.72,No,NONE,Rejected,"[63, 58, 53]"
O51521,A11080,1,48,48,Installment,48,3,21,Call,2026-01-29,2026-01-30,1,0.9,No,NONE,Accepted,"[53, 48, 43]"
O51522,A11080,2,49,49,Installment,49,9,8,SMS,2026-02-13,2026-02-24,11,0.7,No,NONE,Rejected,"[54, 49, 44]"
O51523,A11081,1,73,73,Installment,73,9,21,Email,2026-03-18,2026-03-21,3,0.85,No,NONE,No Response,"[78, 73, 68]"
O51524,A11081,2,84,84,Installment,84,9,10,SMS,2026-02-03,2026-02-23,20,0.72,No,NONE,Accepted,"[89, 84, 79]"
O51525,A11082,1,67,67,Installment,67,9,17,SMS,2026-01-07,2026-01-17,10,0.79,No,NONE,Accepted,"[72, 67, 62]"
O51526,A11083,1,83,83,Installment,83,3,15,Call,2026-02-21,2026-03-07,14,0.7,No,NONE,No Response,"[88, 83, 78]"
O51527,A11083,2,75,75,Installment,75,9,18,SMS,2026-02-17,2026-03-06,17,0.9,No,NONE,Accepted,"[80, 75, 70]"
O51528,A11084,1,50,50,Installment,50,6,21,SMS,2026-01-25,2026-01-28,3,0.85,No,NONE,Accepted,"[55, 50, 45]"
O51529,A11084,2,59,59,Installment,59,9,16,SMS,2026-03-29,2026-04-15,17,0.84,No,NONE,Rejected,"[64, 59, 54]"
O51530,A11085,1,80,80,Installment,80,3,17,Call,2026-03-31,2026-04-09,9,0.87,No,NONE,Accepted,"[85, 80, 75]"
O51531,A11086,1,64,64,Installment,64,6,19,SMS,2026-02-09,2026-02-21,12,0.6,No,NONE,Rejected,"[69, 64, 59]"
O51532,A11087,1,58,58,Installment,58,6,12,Call,2026-02-03,2026-02-05,2,0.88,No,NONE,Accepted,"[63, 58, 53]"
O51533,A11088,1,69,69,Installment,69,9,12,Email,2026-03-28,2026-03-28,0,0.7,No,NONE,Rejected,"[74, 69, 64]"
O51534,A11088,2,74,74,Installment,74,9,18,SMS,2026-03-07,2026-03-10,3,0.85,No,NONE,Accepted,"[79, 74, 69]"
O51535,A11089,1,73,73,Installment,73,9,15,Call,2026-03-13,2026-04-01,19,0.69,No,NONE,Rejected,"[78, 73, 68]"
O51536,A11089,2,70,70,Installment,70,9,12,Email,2026-03-14,2026-03-20,6,0.6,No,NONE,No Response,"[75, 70, 65]"
O51537,A11090,1,80,85,Installment,85,6,21,Call,2026-01-06,2026-01-12,6,0.66,Yes,Agent_Discretion,Rejected,"[85, 80, 75]"
O51538,A11091,1,49,49,Installment,49,3,16,Email,2026-03-31,2026-04-02,2,0.87,No,NONE,Accepted,"[54, 49, 44]"
O51539,A11092,1,57,57,Installment,57,6,9,SMS,2026-01-22,2026-02-05,14,0.64,No,NONE,Accepted,"[62, 57, 52]"
O51540,A11092,2,55,55,Installment,55,6,15,Email,2026-01-02,2026-01-15,13,0.75,No,NONE,No Response,"[60, 55, 50]"
O51541,A11093,1,55,55,Installment,55,9,18,Call,2026-01-14,2026-01-15,1,0.66,No,NONE,Accepted,"[60, 55, 50]"
O51542,A11093,2,45,45,Installment,45,9,19,Email,2026-02-06,2026-02-11,5,0.81,No,NONE,Accepted,"[50, 45, 40]"
O51543,A11094,1,71,71,Installment,71,9,21,Email,2026-02-12,2026-02-25,13,0.69,No,NONE,No Response,"[76, 71, 66]"
O51544,A11095,1,59,59,Installment,59,6,17,SMS,2026-03-08,2026-03-14,6,0.73,No,NONE,Accepted,"[64, 59, 54]"
O51545,A11095,2,45,45,Installment,45,6,17,Call,2026-01-27,2026-02-01,5,0.83,No,NONE,Rejected,"[50, 45, 40]"
O51546,A11096,1,38,43,Lump-Sum,43,0,10,Call,2026-02-12,2026-02-23,11,0.75,Yes,Agent_Discretion,Rejected,"[43, 38, 33]"
O51547,A11096,2,25,25,Lump-Sum,25,0,14,Email,2026-03-27,2026-04-14,18,0.72,No,NONE,No Response,"[30, 25, 20]"
O51548,A11097,1,62,62,Installment,62,6,17,SMS,2026-03-18,2026-03-25,7,0.77,No,NONE,Accepted,"[67, 62, 57]"
O51549,A11097,2,62,62,Installment,62,3,12,Call,2026-03-24,2026-03-24,0,0.64,No,NONE,Rejected,"[67, 62, 57]"
O51550,A11098,1,83,83,Installment,83,3,10,SMS,2026-02-04,2026-02-21,17,0.61,No,NONE,No Response,"[88, 83, 78]"
O51551,A11098,2,68,73,Installment,73,6,8,Call,2026-01-21,2026-02-07,17,0.83,Yes,Agent_Discretion,Accepted,"[73, 68, 63]"
O51552,A11099,1,48,48,Installment,48,3,11,Call,2026-03-26,2026-04-04,9,0.8,No,NONE,Accepted,"[53, 48, 43]"
O51553,A11099,2,51,51,Installment,51,6,15,Email,2026-02-19,2026-03-03,12,0.7,No,NONE,Rejected,"[56, 51, 46]"
O51554,A11100,1,55,55,Installment,55,9,14,Call,2026-03-03,2026-03-03,0,0.87,No,NONE,Accepted,"[60, 55, 50]"
O51555,A11100,2,49,49,Installment,49,6,11,SMS,2026-01-24,2026-01-25,1,0.65,No,NONE,Accepted,"[54, 49, 44]"
O51556,A11101,1,75,75,Installment,75,3,8,Call,2026-01-28,2026-02-06,9,0.85,No,NONE,Rejected,"[80, 75, 70]"
O51557,A11102,1,82,82,Installment,82,9,12,SMS,2026-01-21,2026-01-21,0,0.56,No,NONE,Accepted,"[87, 82, 77]"
O51558,A11102,2,81,81,Installment,81,3,14,Email,2026-03-11,2026-03-27,16,0.58,No,NONE,Rejected,"[86, 81, 76]"
O51559,A11103,1,79,79,Installment,79,6,9,Call,2026-02-16,2026-03-05,17,0.68,No,NONE,Rejected,"[84, 79, 74]"
O51560,A11104,1,56,56,Installment,56,6,12,SMS,2026-02-05,2026-02-17,12,0.65,No,NONE,Accepted,"[61, 56, 51]"
O51561,A11105,1,60,60,Installment,60,9,17,Email,2026-02-28,2026-03-12,12,0.73,No,NONE,Rejected,"[65, 60, 55]"
O51562,A11106,1,40,40,Lump-Sum,40,0,8,Email,2026-02-22,2026-02-26,4,0.8,No,NONE,Rejected,"[45, 40, 35]"
O51563,A11107,1,84,89,Installment,89,3,17,Call,2026-01-05,2026-01-11,6,0.88,Yes,Agent_Discretion,Rejected,"[89, 84, 79]"
O51564,A11107,2,76,76,Installment,76,9,12,SMS,2026-03-13,2026-03-17,4,0.79,No,NONE,Accepted,"[81, 76, 71]"
O51565,A11108,1,69,69,Installment,69,3,9,Email,2026-03-22,2026-04-03,12,0.67,No,NONE,Accepted,"[74, 69, 64]"
O51566,A11108,2,71,71,Installment,71,9,15,SMS,2026-01-03,2026-01-21,18,0.72,No,NONE,Accepted,"[76, 71, 66]"
O51567,A11109,1,45,45,Installment,45,3,13,Call,2026-02-07,2026-02-21,14,0.59,No,NONE,Accepted,"[50, 45, 40]"
O51568,A11110,1,60,60,Installment,60,3,21,SMS,2026-02-09,2026-02-25,16,0.77,No,NONE,No Response,"[65, 60, 55]"
O51569,A11111,1,55,55,Installment,55,6,20,SMS,2026-03-19,2026-04-01,13,0.82,No,NONE,Accepted,"[60, 55, 50]"
O51570,A11112,1,60,60,Installment,60,3,15,Call,2026-01-25,2026-02-02,8,0.58,No,NONE,Rejected,"[65, 60, 55]"
O51571,A11112,2,63,63,Installment,63,3,8,Email,2026-02-26,2026-02-28,2,0.68,No,NONE,Accepted,"[68, 63, 58]"
O51572,A11113,1,78,78,Installment,78,3,19,SMS,2026-02-24,2026-03-07,11,0.69,No,NONE,Rejected,"[83, 78, 73]"
O51573,A11113,2,84,84,Installment,84,3,17,Call,2026-03-17,2026-03-17,0,0.83,No,NONE,Rejected,"[89, 84, 79]"
O51574,A11114,1,73,73,Installment,73,6,15,Call,2026-03-04,2026-03-14,10,0.81,No,NONE,Rejected,"[78, 73, 68]"
O51575,A11115,1,60,60,Installment,60,6,19,Email,2026-01-15,2026-01-17,2,0.62,No,NONE,Rejected,"[65, 60, 55]"
O51576,A11115,2,50,50,Installment,50,6,17,Email,2026-03-15,2026-04-04,20,0.89,No,NONE,Rejected,"[55, 50, 45]"
O51577,A11116,1,83,88,Installment,88,9,21,Email,2026-03-29,2026-04-02,4,0.65,Yes,Agent_Discretion,Accepted,"[88, 83, 78]"
O51578,A11117,1,64,64,Installment,64,3,17,Call,2026-03-09,2026-03-13,4,0.79,No,NONE,Accepted,"[69, 64, 59]"
O51579,A11117,2,49,49,Installment,49,9,20,Call,2026-01-05,2026-01-07,2,0.55,No,NONE,No Response,"[54, 49, 44]"
O51580,A11118,1,46,51,Installment,51,6,10,Email,2026-03-28,2026-04-04,7,0.87,Yes,Agent_Discretion,Accepted,"[51, 46, 41]"
O51581,A11119,1,64,64,Installment,64,3,14,Email,2026-02-23,2026-03-06,11,0.59,No,NONE,Accepted,"[69, 64, 59]"
O51582,A11119,2,51,51,Installment,51,3,15,SMS,2026-01-19,2026-01-31,12,0.85,No,NONE,No Response,"[56, 51, 46]"
O51583,A11120,1,62,62,Installment,62,3,19,SMS,2026-02-01,2026-02-05,4,0.87,No,NONE,No Response,"[67, 62, 57]"
O51584,A11120,2,63,63,Installment,63,9,11,Call,2026-02-11,2026-02-12,1,0.83,No,NONE,Rejected,"[68, 63, 58]"
O51585,A11121,1,52,52,Installment,52,9,16,Email,2026-03-16,2026-03-24,8,0.6,No,NONE,Rejected,"[57, 52, 47]"
O51586,A11122,1,72,72,Installment,72,3,11,SMS,2026-01-05,2026-01-07,2,0.61,No,NONE,No Response,"[77, 72, 67]"
O51587,A11123,1,64,64,Installment,64,9,14,Call,2026-01-21,2026-02-05,15,0.75,No,NONE,Accepted,"[69, 64, 59]"
O51588,A11123,2,50,50,Installment,50,3,8,SMS,2026-02-25,2026-03-13,16,0.79,No,NONE,No Response,"[55, 50, 45]"
O51589,A11124,1,56,56,Installment,56,9,15,SMS,2026-03-05,2026-03-16,11,0.55,No,NONE,Accepted,"[61, 56, 51]"
O51590,A11124,2,60,60,Installment,60,9,9,Call,2026-02-04,2026-02-04,0,0.9,No,NONE,Accepted,"[65, 60, 55]"
O51591,A11125,1,49,49,Installment,49,9,19,Call,2026-02-08,2026-02-12,4,0.89,No,NONE,Accepted,"[54, 49, 44]"
O51592,A11126,1,75,75,Installment,75,3,20,SMS,2026-02-18,2026-03-07,17,0.8,No,NONE,No Response,"[80, 75, 70]"
O51593,A11127,1,70,70,Installment,70,9,17,Call,2026-02-06,2026-02-06,0,0.78,No,NONE,No Response,"[75, 70, 65]"
O51594,A11127,2,82,87,Installment,87,9,19,Call,2026-01-10,2026-01-24,14,0.66,Yes,Agent_Discretion,Accepted,"[87, 82, 77]"
O51595,A11128,1,68,68,Installment,68,3,17,SMS,2026-03-22,2026-04-06,15,0.84,No,NONE,Accepted,"[73, 68, 63]"
O51596,A11129,1,39,39,Lump-Sum,39,0,13,SMS,2026-03-20,2026-03-25,5,0.83,No,NONE,Rejected,"[44, 39, 34]"
O51597,A11130,1,65,65,Installment,65,9,12,Email,2026-01-03,2026-01-17,14,0.9,No,NONE,Rejected,"[70, 65, 60]"
O51598,A11131,1,70,70,Installment,70,9,11,Email,2026-01-01,2026-01-19,18,0.8,No,NONE,Rejected,"[75, 70, 65]"
O51599,A11132,1,62,62,Installment,62,3,18,Email,2026-01-04,2026-01-04,0,0.57,No,NONE,Accepted,"[67, 62, 57]"
O51600,A11133,1,71,71,Installment,71,9,15,Call,2026-03-21,2026-03-22,1,0.69,No,NONE,Accepted,"[76, 71, 66]"
O51601,A11133,2,69,69,Installment,69,6,9,Call,2026-02-25,2026-03-16,19,0.6,No,NONE,Accepted,"[74, 69, 64]"
O51602,A11134,1,84,84,Installment,84,9,18,Call,2026-01-14,2026-01-28,14,0.56,No,NONE,Accepted,"[89, 84, 79]"
O51603,A11134,2,66,66,Installment,66,9,20,Call,2026-02-24,2026-03-10,14,0.62,No,NONE,No Response,"[71, 66, 61]"
O51604,A11135,1,24,24,Lump-Sum,24,0,18,Call,2026-02-22,2026-02-28,6,0.82,No,NONE,Accepted,"[29, 24, 19]"
O51605,A11136,1,48,48,Installment,48,6,10,Email,2026-03-02,2026-03-16,14,0.69,No,NONE,Accepted,"[53, 48, 43]"
O51606,A11136,2,62,62,Installment,62,6,14,SMS,2026-01-21,2026-02-04,14,0.62,No,NONE,Rejected,"[67, 62, 57]"
O51607,A11137,1,60,60,Installment,60,3,15,Email,2026-03-26,2026-04-07,12,0.85,No,NONE,Accepted,"[65, 60, 55]"
O51608,A11138,1,49,49,Installment,49,6,17,SMS,2026-02-01,2026-02-06,5,0.83,No,NONE,Accepted,"[54, 49, 44]"
O51609,A11138,2,57,57,Installment,57,3,12,Email,2026-01-20,2026-01-27,7,0.59,No,NONE,No Response,"[62, 57, 52]"
O51610,A11139,1,74,74,Installment,74,6,13,SMS,2026-01-11,2026-01-29,18,0.69,No,NONE,Rejected,"[79, 74, 69]"
O51611,A11140,1,78,78,Installment,78,3,13,Call,2026-02-27,2026-03-03,4,0.78,No,NONE,Accepted,"[83, 78, 73]"
O51612,A11140,2,72,77,Installment,77,9,20,SMS,2026-01-19,2026-01-27,8,0.74,Yes,Agent_Discretion,Accepted,"[77, 72, 67]"
O51613,A11141,1,69,74,Installment,74,9,12,Call,2026-02-21,2026-02-23,2,0.82,Yes,Agent_Discretion,No Response,"[74, 69, 64]"
O51614,A11142,1,72,72,Installment,72,6,9,SMS,2026-01-31,2026-02-17,17,0.65,No,NONE,Accepted,"[77, 72, 67]"
O51615,A11142,2,80,80,Installment,80,9,10,Call,2026-03-01,2026-03-01,0,0.68,No,NONE,Accepted,"[85, 80, 75]"
O51616,A11143,1,63,63,Installment,63,6,11,Email,2026-01-20,2026-02-02,13,0.64,No,NONE,Accepted,"[68, 63, 58]"
O51617,A11144,1,74,74,Installment,74,3,14,SMS,2026-02-09,2026-02-09,0,0.8,No,NONE,Rejected,"[79, 74, 69]"
O51618,A11145,1,47,47,Installment,47,6,8,SMS,2026-02-05,2026-02-13,8,0.75,No,NONE,Rejected,"[52, 47, 42]"
O51619,A11146,1,55,55,Installment,55,9,19,SMS,2026-03-25,2026-03-28,3,0.63,No,NONE,Rejected,"[60, 55, 50]"
O51620,A11147,1,71,71,Installment,71,6,9,SMS,2026-03-14,2026-03-23,9,0.57,No,NONE,Accepted,"[76, 71, 66]"
O51621,A11147,2,82,82,Installment,82,6,19,SMS,2026-03-05,2026-03-12,7,0.57,No,NONE,Accepted,"[87, 82, 77]"
O51622,A11148,1,82,82,Installment,82,9,17,Email,2026-02-20,2026-03-04,12,0.83,No,NONE,Accepted,"[87, 82, 77]"
O51623,A11148,2,78,78,Installment,78,6,20,Email,2026-01-29,2026-02-17,19,0.82,No,NONE,Accepted,"[83, 78, 73]"
O51624,A11149,1,66,71,Installment,71,6,9,Email,2026-02-07,2026-02-11,4,0.65,Yes,Agent_Discretion,Rejected,"[71, 66, 61]"
O51625,A11150,1,33,33,Lump-Sum,33,0,14,Email,2026-02-17,2026-03-03,14,0.62,No,NONE,Accepted,"[38, 33, 28]"
O51626,A11150,2,23,23,Lump-Sum,23,0,19,Email,2026-01-22,2026-02-04,13,0.63,No,NONE,No Response,"[28, 23, 18]"
O51627,A11151,1,28,28,Lump-Sum,28,0,21,SMS,2026-03-14,2026-03-28,14,0.84,No,NONE,No Response,"[33, 28, 23]"
O51628,A11152,1,60,60,Installment,60,6,21,Call,2026-01-08,2026-01-08,0,0.83,No,NONE,Rejected,"[65, 60, 55]"
O51629,A11153,1,58,58,Installment,58,9,17,Email,2026-02-16,2026-03-01,13,0.74,No,NONE,Accepted,"[63, 58, 53]"
O51630,A11154,1,63,68,Installment,68,3,20,SMS,2026-01-15,2026-01-26,11,0.61,Yes,Agent_Discretion,Accepted,"[68, 63, 58]"
O51631,A11155,1,67,67,Installment,67,3,19,Call,2026-03-31,2026-04-17,17,0.66,No,NONE,Accepted,"[72, 67, 62]"
O51632,A11156,1,66,66,Installment,66,6,15,SMS,2026-03-07,2026-03-25,18,0.87,No,NONE,Rejected,"[71, 66, 61]"
O51633,A11157,1,50,50,Installment,50,3,21,Call,2026-02-02,2026-02-18,16,0.73,No,NONE,Accepted,"[55, 50, 45]"
O51634,A11157,2,51,51,Installment,51,9,16,Email,2026-01-01,2026-01-15,14,0.84,No,NONE,Rejected,"[56, 51, 46]"
O51635,A11158,1,23,23,Lump-Sum,23,0,17,SMS,2026-02-21,2026-03-06,13,0.62,No,NONE,Accepted,"[28, 23, 18]"
O51636,A11158,2,23,23,Lump-Sum,23,0,19,Email,2026-03-10,2026-03-30,20,0.77,No,NONE,No Response,"[28, 23, 18]"
O51637,A11159,1,46,46,Installment,46,3,13,Call,2026-01-17,2026-01-19,2,0.67,No,NONE,Accepted,"[51, 46, 41]"
O51638,A11160,1,74,74,Installment,74,6,13,Email,2026-01-23,2026-02-12,20,0.77,No,NONE,Accepted,"[79, 74, 69]"
O51639,A11161,1,65,65,Installment,65,9,10,Call,2026-02-20,2026-03-05,13,0.68,No,NONE,Accepted,"[70, 65, 60]"
O51640,A11162,1,69,69,Installment,69,6,8,SMS,2026-03-18,2026-04-05,18,0.72,No,NONE,Rejected,"[74, 69, 64]"
O51641,A11163,1,65,70,Installment,70,3,17,Call,2026-02-14,2026-02-27,13,0.84,Yes,Agent_Discretion,Accepted,"[70, 65, 60]"
O51642,A11164,1,50,50,Installment,50,9,11,SMS,2026-02-14,2026-03-03,17,0.73,No,NONE,No Response,"[55, 50, 45]"
O51643,A11165,1,33,33,Lump-Sum,33,0,18,Call,2026-02-18,2026-02-23,5,0.6,No,NONE,Rejected,"[38, 33, 28]"
O51644,A11166,1,64,64,Installment,64,6,17,Call,2026-01-15,2026-01-26,11,0.56,No,NONE,Accepted,"[69, 64, 59]"
O51645,A11167,1,56,56,Installment,56,9,19,Email,2026-02-13,2026-03-04,19,0.79,No,NONE,No Response,"[61, 56, 51]"
O51646,A11168,1,54,54,Installment,54,9,10,SMS,2026-03-24,2026-04-01,8,0.88,No,NONE,Accepted,"[59, 54, 49]"
O51647,A11169,1,76,76,Installment,76,9,18,Email,2026-01-07,2026-01-23,16,0.67,No,NONE,Rejected,"[81, 76, 71]"
O51648,A11170,1,81,81,Installment,81,6,10,Email,2026-01-22,2026-02-11,20,0.73,No,NONE,Rejected,"[86, 81, 76]"
O51649,A11171,1,75,75,Installment,75,9,16,SMS,2026-01-31,2026-02-13,13,0.68,No,NONE,Accepted,"[80, 75, 70]"
O51650,A11172,1,45,45,Installment,45,6,9,Call,2026-01-17,2026-01-31,14,0.85,No,NONE,Rejected,"[50, 45, 40]"
O51651,A11172,2,53,58,Installment,58,3,9,Call,2026-02-27,2026-03-08,9,0.82,Yes,Agent_Discretion,Rejected,"[58, 53, 48]"
O51652,A11173,1,70,70,Installment,70,9,11,Call,2026-02-19,2026-02-19,0,0.67,No,NONE,Accepted,"[75, 70, 65]"
O51653,A11174,1,54,54,Installment,54,3,16,Call,2026-02-13,2026-02-19,6,0.83,No,NONE,Rejected,"[59, 54, 49]"
O51654,A11174,2,64,64,Installment,64,6,17,SMS,2026-03-17,2026-03-25,8,0.85,No,NONE,Accepted,"[69, 64, 59]"
O51655,A11175,1,83,83,Installment,83,3,20,Call,2026-01-06,2026-01-20,14,0.8,No,NONE,No Response,"[88, 83, 78]"
O51656,A11176,1,56,56,Installment,56,9,18,SMS,2026-01-19,2026-02-07,19,0.71,No,NONE,Rejected,"[61, 56, 51]"
O51657,A11177,1,82,87,Installment,87,6,19,Call,2026-01-28,2026-02-01,4,0.74,Yes,Agent_Discretion,No Response,"[87, 82, 77]"
O51658,A11178,1,56,61,Installment,61,3,10,SMS,2026-02-13,2026-02-27,14,0.79,Yes,Agent_Discretion,Rejected,"[61, 56, 51]"
O51659,A11178,2,52,57,Installment,57,3,19,SMS,2026-03-11,2026-03-16,5,0.7,Yes,Agent_Discretion,Rejected,"[57, 52, 47]"
O51660,A11179,1,54,54,Installment,54,3,15,SMS,2026-03-20,2026-04-04,15,0.62,No,NONE,Accepted,"[59, 54, 49]"
O51661,A11179,2,47,47,Installment,47,3,13,SMS,2026-02-18,2026-02-18,0,0.84,No,NONE,Accepted,"[52, 47, 42]"
O51662,A11180,1,50,50,Installment,50,9,8,Call,2026-01-21,2026-01-24,3,0.87,No,NONE,Accepted,"[55, 50, 45]"
O51663,A11180,2,52,52,Installment,52,9,11,Call,2026-01-15,2026-01-20,5,0.55,No,NONE,Accepted,"[57, 52, 47]"
O51664,A11181,1,74,74,Installment,74,3,11,SMS,2026-01-14,2026-01-16,2,0.88,No,NONE,Rejected,"[79, 74, 69]"
O51665,A11182,1,77,77,Installment,77,6,10,Call,2026-01-09,2026-01-15,6,0.62,No,NONE,Accepted,"[82, 77, 72]"
O51666,A11182,2,80,80,Installment,80,3,12,Email,2026-03-30,2026-04-08,9,0.81,No,NONE,Accepted,"[85, 80, 75]"
O51667,A11183,1,78,78,Installment,78,3,21,Email,2026-02-17,2026-03-08,19,0.85,No,NONE,No Response,"[83, 78, 73]"
O51668,A11183,2,78,78,Installment,78,6,17,Call,2026-01-11,2026-01-22,11,0.59,No,NONE,Rejected,"[83, 78, 73]"
O51669,A11184,1,25,25,Lump-Sum,25,0,8,Email,2026-01-09,2026-01-15,6,0.74,No,NONE,Accepted,"[30, 25, 20]"
O51670,A11185,1,45,45,Installment,45,3,21,SMS,2026-03-16,2026-04-04,19,0.87,No,NONE,Accepted,"[50, 45, 40]"
O51671,A11185,2,62,62,Installment,62,6,20,Email,2026-02-15,2026-03-07,20,0.75,No,NONE,Accepted,"[67, 62, 57]"
O51672,A11186,1,38,38,Lump-Sum,38,0,18,SMS,2026-03-01,2026-03-07,6,0.65,No,NONE,Rejected,"[43, 38, 33]"
O51673,A11187,1,68,68,Installment,68,6,13,Email,2026-03-31,2026-04-20,20,0.68,No,NONE,Accepted,"[73, 68, 63]"
O51674,A11188,1,43,43,Lump-Sum,43,0,11,SMS,2026-03-29,2026-04-15,17,0.77,No,NONE,Rejected,"[48, 43, 38]"
O51675,A11189,1,52,52,Installment,52,6,19,Call,2026-03-17,2026-04-04,18,0.8,No,NONE,Accepted,"[57, 52, 47]"
O51676,A11189,2,58,58,Installment,58,3,14,Call,2026-02-23,2026-02-28,5,0.67,No,NONE,Accepted,"[63, 58, 53]"
O51677,A11190,1,57,57,Installment,57,3,15,SMS,2026-01-02,2026-01-10,8,0.71,No,NONE,Accepted,"[62, 57, 52]"
O51678,A11191,1,59,59,Installment,59,3,13,Email,2026-03-02,2026-03-11,9,0.83,No,NONE,No Response,"[64, 59, 54]"
O51679,A11192,1,78,78,Installment,78,3,17,SMS,2026-01-03,2026-01-16,13,0.75,No,NONE,Accepted,"[83, 78, 73]"
O51680,A11193,1,42,42,Lump-Sum,42,0,17,Email,2026-03-04,2026-03-10,6,0.57,No,NONE,Rejected,"[47, 42, 37]"
O51681,A11193,2,36,36,Lump-Sum,36,0,9,Email,2026-02-21,2026-03-10,17,0.87,No,NONE,Rejected,"[41, 36, 31]"
O51682,A11194,1,72,72,Installment,72,9,8,Call,2026-01-02,2026-01-06,4,0.79,No,NONE,Accepted,"[77, 72, 67]"
O51683,A11195,1,75,80,Installment,80,6,14,Call,2026-01-13,2026-01-13,0,0.79,Yes,Agent_Discretion,Accepted,"[80, 75, 70]"
O51684,A11195,2,66,66,Installment,66,3,15,Email,2026-03-28,2026-04-12,15,0.84,No,NONE,Accepted,"[71, 66, 61]"
O51685,A11196,1,70,70,Installment,70,9,11,SMS,2026-01-06,2026-01-11,5,0.74,No,NONE,Rejected,"[75, 70, 65]"
O51686,A11197,1,81,81,Installment,81,6,20,Call,2026-01-26,2026-01-27,1,0.74,No,NONE,Accepted,"[86, 81, 76]"
O51687,A11198,1,43,43,Lump-Sum,43,0,10,Email,2026-01-29,2026-02-02,4,0.74,No,NONE,No Response,"[48, 43, 38]"
O51688,A11199,1,41,41,Lump-Sum,41,0,20,SMS,2026-02-09,2026-02-21,12,0.85,No,NONE,Accepted,"[46, 41, 36]"
O51689,A11200,1,70,70,Installment,70,9,16,Call,2026-01-14,2026-01-24,10,0.58,No,NONE,Rejected,"[75, 70, 65]"
O51690,A11200,2,70,75,Installment,75,9,9,SMS,2026-01-16,2026-02-04,19,0.67,Yes,Agent_Discretion,Accepted,"[75, 70, 65]"
O51691,A11201,1,61,66,Installment,66,9,17,Email,2026-03-04,2026-03-04,0,0.87,Yes,Agent_Discretion,Rejected,"[66, 61, 56]"
O51692,A11202,1,78,78,Installment,78,3,19,Call,2026-03-31,2026-04-08,8,0.56,No,NONE,Accepted,"[83, 78, 73]"
O51693,A11202,2,84,84,Installment,84,9,8,SMS,2026-01-06,2026-01-07,1,0.89,No,NONE,Rejected,"[89, 84, 79]"
O51694,A11203,1,83,83,Installment,83,6,19,Call,2026-02-25,2026-02-27,2,0.64,No,NONE,Accepted,"[88, 83, 78]"
O51695,A11203,2,66,66,Installment,66,9,17,Call,2026-01-30,2026-02-07,8,0.88,No,NONE,Accepted,"[71, 66, 61]"
O51696,A11204,1,37,37,Lump-Sum,37,0,20,Email,2026-02-18,2026-02-26,8,0.55,No,NONE,Accepted,"[42, 37, 32]"
O51697,A11204,2,21,21,Lump-Sum,21,0,8,Call,2026-02-23,2026-03-10,15,0.72,No,NONE,Rejected,"[26, 21, 16]"
O51698,A11205,1,55,55,Installment,55,9,19,Email,2026-02-07,2026-02-18,11,0.67,No,NONE,Accepted,"[60, 55, 50]"
O51699,A11206,1,52,52,Installment,52,6,16,Email,2026-02-20,2026-02-27,7,0.64,No,NONE,Rejected,"[57, 52, 47]"
O51700,A11207,1,74,74,Installment,74,3,15,Email,2026-01-30,2026-02-16,17,0.8,No,NONE,Accepted,"[79, 74, 69]"
O51701,A11208,1,48,48,Installment,48,9,12,SMS,2026-01-29,2026-02-03,5,0.68,No,NONE,Accepted,"[53, 48, 43]"
O51702,A11209,1,57,57,Installment,57,9,10,SMS,2026-02-17,2026-03-01,12,0.63,No,NONE,Accepted,"[62, 57, 52]"
O51703,A11209,2,52,52,Installment,52,6,16,SMS,2026-03-31,2026-04-13,13,0.87,No,NONE,Accepted,"[57, 52, 47]"
O51704,A11210,1,74,79,Installment,79,6,8,SMS,2026-02-26,2026-03-03,5,0.63,Yes,Agent_Discretion,Accepted,"[79, 74, 69]"
O51705,A11210,2,68,68,Installment,68,6,11,SMS,2026-03-07,2026-03-17,10,0.66,No,NONE,Accepted,"[73, 68, 63]"
O51706,A11211,1,68,68,Installment,68,6,16,Email,2026-03-31,2026-04-18,18,0.7,No,NONE,Rejected,"[73, 68, 63]"
O51707,A11212,1,54,54,Installment,54,6,10,Call,2026-03-30,2026-04-02,3,0.72,No,NONE,Accepted,"[59, 54, 49]"
O51708,A11212,2,62,62,Installment,62,3,14,Email,2026-03-13,2026-03-27,14,0.73,No,NONE,No Response,"[67, 62, 57]"
O51709,A11213,1,57,57,Installment,57,6,12,Call,2026-02-10,2026-02-19,9,0.84,No,NONE,Accepted,"[62, 57, 52]"
O51710,A11214,1,72,72,Installment,72,9,9,SMS,2026-03-08,2026-03-20,12,0.7,No,NONE,Accepted,"[77, 72, 67]"
O51711,A11215,1,77,77,Installment,77,3,16,Call,2026-02-22,2026-03-13,19,0.56,No,NONE,No Response,"[82, 77, 72]"
O51712,A11215,2,75,75,Installment,75,3,19,Call,2026-03-31,2026-04-04,4,0.68,No,NONE,Accepted,"[80, 75, 70]"
O51713,A11216,1,60,60,Installment,60,9,20,Call,2026-02-17,2026-03-01,12,0.64,No,NONE,Accepted,"[65, 60, 55]"
O51714,A11216,2,62,62,Installment,62,3,8,Email,2026-02-27,2026-03-13,14,0.89,No,NONE,Rejected,"[67, 62, 57]"
O51715,A11217,1,66,66,Installment,66,9,19,SMS,2026-03-15,2026-03-20,5,0.66,No,NONE,Rejected,"[71, 66, 61]"
O51716,A11217,2,80,80,Installment,80,6,9,Email,2026-03-05,2026-03-25,20,0.67,No,NONE,Accepted,"[85, 80, 75]"
O51717,A11218,1,57,57,Installment,57,3,9,Email,2026-01-09,2026-01-18,9,0.81,No,NONE,Accepted,"[62, 57, 52]"
O51718,A11218,2,59,59,Installment,59,6,19,SMS,2026-02-05,2026-02-05,0,0.79,No,NONE,Rejected,"[64, 59, 54]"
O51719,A11219,1,63,63,Installment,63,3,8,SMS,2026-03-26,2026-04-08,13,0.62,No,NONE,Accepted,"[68, 63, 58]"
O51720,A11219,2,49,49,Installment,49,9,20,SMS,2026-02-20,2026-03-12,20,0.84,No,NONE,Rejected,"[54, 49, 44]"
O51721,A11220,1,54,54,Installment,54,6,16,Call,2026-01-02,2026-01-16,14,0.59,No,NONE,No Response,"[59, 54, 49]"
O51722,A11220,2,57,57,Installment,57,3,20,Email,2026-03-26,2026-04-08,13,0.72,No,NONE,Accepted,"[62, 57, 52]"
O51723,A11221,1,77,77,Installment,77,9,16,Call,2026-02-11,2026-02-15,4,0.55,No,NONE,Rejected,"[82, 77, 72]"
O51724,A11221,2,71,71,Installment,71,6,17,SMS,2026-03-19,2026-04-02,14,0.78,No,NONE,Accepted,"[76, 71, 66]"
O51725,A11222,1,30,30,Lump-Sum,30,0,14,Call,2026-03-20,2026-04-06,17,0.56,No,NONE,Accepted,"[35, 30, 25]"
O51726,A11223,1,52,52,Installment,52,6,10,Email,2026-02-04,2026-02-08,4,0.81,No,NONE,Rejected,"[57, 52, 47]"
O51727,A11223,2,61,61,Installment,61,3,9,Call,2026-01-12,2026-01-27,15,0.71,No,NONE,No Response,"[66, 61, 56]"
O51728,A11224,1,74,74,Installment,74,6,13,Call,2026-01-25,2026-01-28,3,0.85,No,NONE,Rejected,"[79, 74, 69]"
O51729,A11225,1,62,62,Installment,62,3,19,Call,2026-03-08,2026-03-23,15,0.74,No,NONE,Rejected,"[67, 62, 57]"
O51730,A11226,1,38,38,Lump-Sum,38,0,12,Email,2026-02-19,2026-02-27,8,0.8,No,NONE,Accepted,"[43, 38, 33]"
O51731,A11227,1,82,82,Installment,82,6,15,Email,2026-01-15,2026-01-17,2,0.73,No,NONE,Accepted,"[87, 82, 77]"
O51732,A11227,2,66,66,Installment,66,6,18,Call,2026-03-07,2026-03-08,1,0.66,No,NONE,Accepted,"[71, 66, 61]"
O51733,A11228,1,57,57,Installment,57,9,16,Call,2026-01-23,2026-01-24,1,0.89,No,NONE,Accepted,"[62, 57, 52]"
O51734,A11228,2,60,60,Installment,60,3,16,Email,2026-02-17,2026-02-26,9,0.85,No,NONE,Rejected,"[65, 60, 55]"
O51735,A11229,1,83,88,Installment,88,3,19,Email,2026-01-13,2026-01-16,3,0.66,Yes,Agent_Discretion,Accepted,"[88, 83, 78]"
O51736,A11230,1,62,62,Installment,62,6,17,SMS,2026-01-21,2026-01-27,6,0.64,No,NONE,Accepted,"[67, 62, 57]"
O51737,A11231,1,55,55,Installment,55,9,21,Email,2026-02-17,2026-02-17,0,0.67,No,NONE,Accepted,"[60, 55, 50]"
O51738,A11231,2,62,62,Installment,62,9,14,SMS,2026-01-22,2026-01-30,8,0.62,No,NONE,Rejected,"[67, 62, 57]"
